,DATE,MSPUS,income,new_private_house,PPI_Concrete,home_ow_rate,new_private_hw_under,total_emp_cons,monthly_supply,mortgage_rate,permit,population,house_st,p_saving_rate,unemployed_rate,target,all_Const_Emp,IPI_Cement,labor_percent,GDP,emratio,PPI_Cement
0,1987-01-01,97900.0,3820.2,7974.744624728542,4.703203926259457,63.9,1090.0,5007.0,6.0,9.204,1690.0,241857.0,1774.0,9.4,6.6,63.735,722.3,123.7373,65.4,4722.156,61.0,100.1
1,1987-02-01,97900.0,3845.0,7502.249552719816,4.703203926259457,63.9,1096.0,5038.0,6.2,9.0825,1689.0,242005.0,1784.0,8.2,6.6,64.135,724.2,123.167,65.5,4722.156,61.1,100.8
2,1987-03-01,97900.0,3863.8,7106.57511472515,4.703203926259457,63.9,1084.0,5039.0,6.0,9.035,1704.0,242166.0,1726.0,8.1,6.6,64.47,727.9,122.5706,65.5,4722.156,61.2,101.2
3,1987-04-01,103400.0,3875.4,7316.778921984829,4.703203926259457,63.9,1079.0,5053.0,6.0,9.8325,1601.0,242338.0,1614.0,4.1,6.3,64.973,728.1,123.5345,65.4,4806.16,61.3,100.8
4,1987-05-01,103400.0,3908.6,7203.849515616911,4.697749367281185,63.9,1070.0,5080.0,6.7,10.596,1500.0,242516.0,1628.0,7.8,6.3,65.547,727.6,123.8454,65.7,4806.16,61.6,101.2
5,1987-06-01,103400.0,3919.7,6806.0455129801785,4.697749367281185,63.9,1060.0,5086.0,6.9,10.5375,1522.0,242706.0,1594.0,7.3,6.2,66.218,728.5,123.3012,65.5,4806.16,61.4,101.2
6,1987-07-01,106000.0,3942.1,7060.581064125011,4.697749367281185,64.1,1051.0,5092.0,6.7,10.278,1516.0,242908.0,1575.0,7.1,6.1,66.786,732.1,127.3025,65.6,4884.555,61.6,101.1
7,1987-08-01,106000.0,3978.6,6750.274657721643,4.697749367281185,64.1,1045.0,5102.0,6.8,10.33,1511.0,243118.0,1605.0,6.8,6.0,67.27,729.2,122.6327,65.7,4884.555,61.8,101.1
8,1987-09-01,106000.0,3995.6,6563.291958923684,4.697749367281185,64.1,1048.0,5096.0,6.8,10.8875,1514.0,243335.0,1695.0,7.2,5.9,67.624,731.6,125.4097,65.5,4884.555,61.6,101.1
9,1987-10-01,111500.0,4034.7,6512.919095405714,4.697749367281185,64.1,1041.0,5142.0,6.8,11.26,1447.0,243543.0,1515.0,7.9,6.0,67.903,741.3,127.4145,65.7,5007.994,61.8,101.0
10,1987-11-01,111500.0,4062.1,6517.953236951163,4.697749367281185,64.1,1042.0,5152.0,7.0,10.65,1457.0,243724.0,1656.0,8.2,5.8,68.093,742.8,127.2895,65.7,5007.994,61.9,100.9
11,1987-12-01,111500.0,4115.7,6790.82709353617,4.697749367281185,64.1,1018.0,5180.0,7.6,10.64,1345.0,243895.0,1400.0,8.4,5.7,68.344,743.5,124.5768,65.7,5007.994,62.0,100.6
12,1988-01-01,110000.0,4128.2,6397.327776274346,4.697749367281185,63.8,1008.0,5094.0,7.5,10.3825,1244.0,244056.0,1271.0,7.9,5.7,68.583,745.0,111.7494,65.8,5073.372,62.0,100.7
13,1988-02-01,110000.0,4153.0,5879.396282235216,4.697749367281185,63.8,976.0,5162.0,6.6,9.8925,1438.0,244205.0,1473.0,8.4,5.7,68.916,747.0,119.6235,65.9,5073.372,62.1,101.5
14,1988-03-01,110000.0,4178.3,6628.880782903128,4.722063937459591,63.8,994.0,5201.0,6.6,9.93,1525.0,244362.0,1532.0,8.0,5.7,69.325,750.1,124.8638,65.7,5073.372,61.9,101.1
15,1988-04-01,110000.0,4209.5,6704.70552156522,4.722063937459591,63.8,999.0,5227.0,6.4,10.202,1429.0,244528.0,1573.0,8.7,5.4,69.789,754.0,123.2387,65.8,5190.036,62.2,101.6
16,1988-05-01,110000.0,4225.9,6042.885037873396,4.722063937459591,63.8,987.0,5228.0,6.6,10.455,1444.0,244708.0,1421.0,8.3,5.6,70.40899999999999,751.2,125.8846,65.7,5190.036,62.0,102.3
17,1988-06-01,110000.0,4258.9,6187.217779233167,4.722063937459591,63.8,980.0,5261.0,6.2,10.46,1485.0,244914.0,1478.0,8.4,5.4,71.068,757.0,126.7927,65.8,5190.036,62.3,101.7
18,1988-07-01,115000.0,4298.8,6262.111976171093,4.72384171570559,63.8,971.0,5270.0,6.6,10.432,1439.0,245131.0,1467.0,8.6,5.4,71.686,747.1,120.8889,65.9,5282.835,62.3,101.5
19,1988-08-01,115000.0,4323.0,6382.278174968095,4.718498871295094,63.8,967.0,5268.0,6.6,10.5975,1460.0,245352.0,1493.0,8.4,5.6,72.185,744.5,119.923,66.1,5282.835,62.4,101.4
20,1988-09-01,115000.0,4352.5,6282.111094708475,4.722953221644475,63.8,958.0,5270.0,6.5,10.48,1436.0,245579.0,1492.0,8.8,5.4,72.574,740.5,121.2472,65.9,5282.835,62.4,100.9
21,1988-10-01,113900.0,4391.1,6272.110101044547,4.722953221644475,63.8,953.0,5262.0,6.0,10.3025,1516.0,245789.0,1522.0,8.6,5.4,72.822,732.8,120.9774,66.0,5399.509,62.5,100.7
22,1988-11-01,113900.0,4402.5,5667.5891829887305,4.725616339063959,63.8,960.0,5273.0,7.2,10.265,1508.0,245970.0,1569.0,8.4,5.3,73.065,731.7,121.3659,66.2,5399.509,62.7,100.6
23,1988-12-01,113900.0,4438.6,6362.221971061867,4.725616339063959,63.8,955.0,5277.0,6.8,10.612,1501.0,246140.0,1563.0,8.3,5.3,73.279,730.4,127.0205,66.1,5399.509,62.6,100.6
24,1989-01-01,118000.0,4501.5,6432.468282467267,4.725616339063959,64.0,955.0,5289.0,6.2,10.73,1466.0,246301.0,1621.0,8.5,5.4,73.617,734.9,132.6783,66.5,5511.253,62.9,100.7
25,1989-02-01,118000.0,4529.6,6613.734489607713,4.739701078945697,64.0,947.0,5278.0,7.5,10.645,1383.0,246454.0,1425.0,8.9,5.2,73.968,721.9,114.8575,66.3,5511.253,62.9,100.2
26,1989-03-01,118000.0,4570.2,5839.884690454822,4.745801315727837,64.0,940.0,5260.0,8.2,11.032,1214.0,246626.0,1422.0,9.4,5.0,74.41,707.1,115.9009,66.3,5511.253,62.9,100.2
27,1989-04-01,118900.0,4582.5,6337.167709180932,4.81380905109942,63.9,922.0,5295.0,7.4,11.05,1376.0,246814.0,1339.0,8.3,5.2,74.868,707.9,119.4545,66.4,5612.463,62.9,101.2
28,1989-05-01,118900.0,4579.4,5874.454712789479,4.81380905109942,63.9,913.0,5299.0,7.1,10.7725,1381.0,247010.0,1331.0,8.0,5.2,75.296,709.3,118.1679,66.3,5612.463,62.9,101.2
29,1989-06-01,118900.0,4602.2,5369.554538138624,4.81380905109942,63.9,913.0,5298.0,7.2,10.196,1322.0,247228.0,1397.0,8.1,5.3,75.696,706.6,117.488,66.5,5612.463,63.0,101.2
30,1989-07-01,120000.0,4628.5,5564.660709525784,4.81380905109942,63.9,918.0,5317.0,6.1,9.8825,1283.0,247458.0,1427.0,8.1,5.2,76.042,708.9,117.972,66.5,5695.365,63.0,101.2
31,1989-08-01,120000.0,4639.1,5775.780921572193,4.81380905109942,63.9,901.0,5330.0,6.4,9.985,1334.0,247695.0,1332.0,7.5,5.2,76.273,716.6,123.8397,66.5,5695.365,63.1,100.9
32,1989-09-01,120000.0,4662.3,5330.684474001612,4.81380905109942,63.9,895.0,5323.0,7.1,10.126,1314.0,247942.0,1279.0,7.9,5.3,76.422,710.1,120.7576,66.4,5695.365,62.8,101.6
33,1989-10-01,124800.0,4703.0,5306.416534555515,4.81380905109942,63.7,897.0,5347.0,6.9,9.9475,1365.0,248174.0,1410.0,8.4,5.3,76.48899999999999,707.5,124.1226,66.5,5747.237,62.9,101.7
34,1989-11-01,124800.0,4718.1,6003.177417512176,4.81380905109942,63.7,882.0,5364.0,6.6,9.7675,1344.0,248380.0,1351.0,8.5,5.4,76.52199999999999,708.1,125.519,66.6,5747.237,63.0,101.6
35,1989-12-01,124800.0,4735.7,5166.057855588081,4.81380905109942,63.7,885.0,5309.0,7.0,9.744,1422.0,248569.0,1251.0,7.7,5.4,76.498,705.7,114.9318,66.5,5747.237,63.0,101.7
36,1990-01-01,123900.0,4783.8,6167.273433853515,4.81380905109942,64.1,891.0,5422.0,7.0,9.895,1748.0,248743.0,1551.0,7.9,5.4,76.527,710.3,138.1363,66.8,5872.701,63.2,101.7
37,1990-02-01,123900.0,4819.8,5398.740370510242,4.81380905109942,64.1,898.0,5416.0,7.6,10.1975,1329.0,248920.0,1437.0,8.5,5.3,76.587,707.3,134.7538,66.7,5872.701,63.2,101.7
38,1990-03-01,123900.0,4842.7,5364.693002679934,4.81380905109942,64.1,885.0,5392.0,7.8,10.268,1246.0,249146.0,1289.0,8.3,5.2,76.79,703.0,132.5115,66.7,5872.701,63.2,102.0
39,1990-04-01,126800.0,4883.8,5301.565339380661,4.81380905109942,63.9,872.0,5355.0,8.3,10.37,1136.0,249436.0,1248.0,8.7,5.4,77.038,692.5,127.1853,66.6,5960.028,63.0,102.5
40,1990-05-01,126800.0,4889.5,5393.874088876437,4.81380905109942,63.9,858.0,5321.0,8.2,10.4775,1067.0,249707.0,1212.0,8.7,5.4,77.297,688.6,123.8842,66.6,5960.028,63.1,102.5
41,1990-06-01,126800.0,4919.3,4968.7878438453345,4.81380905109942,63.9,846.0,5303.0,7.9,10.164,1108.0,249990.0,1177.0,8.6,5.2,77.505,681.4,123.1067,66.4,5960.028,62.9,102.4
42,1990-07-01,117000.0,4948.2,5122.636570812952,4.81380905109942,63.9,831.0,5274.0,7.8,10.035,1078.0,250285.0,1171.0,8.7,5.5,77.561,673.9,122.3559,66.5,6015.116,62.8,102.7
43,1990-08-01,117000.0,4949.9,5180.546250804272,4.81380905109942,63.9,813.0,5234.0,8.2,10.1,1069.0,250595.0,1115.0,8.1,5.7,77.479,663.3,119.6385,66.5,6015.116,62.7,102.8
44,1990-09-01,117000.0,4978.6,5204.709780742301,4.837867950107113,63.9,793.0,5197.0,8.4,10.175,976.0,250904.0,1110.0,8.1,5.9,77.229,656.8,118.6876,66.4,6015.116,62.5,103.5
45,1990-10-01,121500.0,4966.5,5060.033777600902,4.837867950107113,64.0,766.0,5134.0,8.7,10.1775,925.0,251201.0,1014.0,7.9,5.9,76.91199999999999,646.3,113.6963,66.4,6004.733,62.5,103.6
46,1990-11-01,121500.0,4973.5,4896.963695192518,4.864452783918174,64.0,758.0,5095.0,8.2,10.014,941.0,251486.0,1145.0,8.0,6.2,76.381,633.8,116.5566,66.4,6004.733,62.3,103.7
47,1990-12-01,121500.0,5004.1,4540.715383155552,4.864452783918174,64.0,745.0,5047.0,8.5,9.6725,861.0,251758.0,969.0,8.8,6.3,75.972,624.3,108.5216,66.4,6004.733,62.2,103.8
48,1991-01-01,120000.0,4990.4,4427.752149841635,4.864452783918174,64.0,716.0,4972.0,9.4,9.6375,786.0,252012.0,798.0,9.4,6.4,75.533,610.0,101.5934,66.2,6035.178,62.0,105.0
49,1991-02-01,120000.0,4997.1,4152.2631831992685,4.867534450455582,64.0,710.0,4929.0,7.9,9.365,853.0,252253.0,965.0,9.0,6.6,75.249,600.3,108.6813,66.2,6035.178,61.9,105.3
50,1991-03-01,120000.0,5005.8,4554.871671912964,4.876722876509988,64.0,678.0,4881.0,7.3,9.5,911.0,252507.0,921.0,8.1,6.8,75.13600000000001,598.0,105.2613,66.3,6035.178,61.8,105.8
51,1991-04-01,119900.0,5034.3,4166.193786862506,4.882044059723269,64.1,670.0,4842.0,7.3,9.4925,916.0,252778.0,1001.0,8.7,6.7,75.315,587.6,104.176,66.4,6126.862,62.0,106.3
52,1991-05-01,119900.0,5055.9,4059.608153338058,4.882044059723269,64.1,662.0,4800.0,7.0,9.472,991.0,253060.0,996.0,8.5,6.9,75.768,584.8,104.1175,66.2,6126.862,61.6,106.7
53,1991-06-01,119900.0,5090.8,4166.193786862506,4.882044059723269,64.1,654.0,4782.0,7.0,9.615,964.0,253350.0,1036.0,9.0,6.9,76.253,579.9,105.9744,66.2,6126.862,61.7,106.6
54,1991-07-01,120000.0,5087.0,4087.365119637896,4.882044059723269,64.1,652.0,4752.0,7.1,9.575,973.0,253650.0,1063.0,8.4,6.8,76.517,574.1,107.988,66.1,6205.937,61.6,106.4
55,1991-08-01,120000.0,5108.4,3967.332108099567,4.882044059723269,64.1,651.0,4733.0,6.8,9.244,944.0,253966.0,1049.0,8.7,6.9,76.594,569.3,107.1435,66.0,6205.937,61.5,106.2
56,1991-09-01,120000.0,5141.5,4744.373012208877,4.918520005188451,64.1,633.0,4728.0,7.4,9.0075,974.0,254280.0,1015.0,8.9,6.9,76.575,568.2,108.3246,66.2,6205.937,61.6,105.4
57,1991-10-01,120000.0,5157.7,4087.365119637896,4.900820428089049,64.1,630.0,4698.0,6.7,8.855,991.0,254576.0,1079.0,9.4,7.0,76.29,563.3,108.7024,66.1,6264.54,61.5,105.5
58,1991-11-01,120000.0,5177.0,3797.6396684116544,4.900820428089049,64.1,636.0,4640.0,6.2,8.712,984.0,254841.0,1103.0,9.1,7.0,76.03,558.2,103.8766,66.1,6264.54,61.4,105.0
59,1991-12-01,120000.0,5233.0,3747.4498823533786,4.900820428089049,64.1,633.0,4647.0,6.2,8.4975,1061.0,255089.0,1079.0,9.8,7.3,75.844,554.8,108.3124,66.0,6264.54,61.2,104.9
60,1992-01-01,119500.0,5264.8,4018.036701974808,4.900820428089049,64.1,639.0,4667.0,5.2,8.432,1077.0,255331.0,1176.0,9.5,7.3,75.7,551.4,111.4657,66.3,6363.102,61.5,106.1
61,1992-02-01,119500.0,5303.2,4189.430087609126,4.900820428089049,64.1,630.0,4612.0,4.9,8.7625,1146.0,255576.0,1250.0,9.8,7.4,75.655,545.6,110.439,66.2,6363.102,61.3,105.8
62,1992-03-01,119500.0,5323.8,4329.332520662716,4.900820428089049,64.1,656.0,4621.0,6.1,8.935,1082.0,255848.0,1297.0,9.7,7.4,75.814,544.7,110.438,66.4,6363.102,61.5,105.4
63,1992-04-01,120000.0,5357.4,4119.791157000742,4.900820428089049,64.1,650.0,4603.0,6.1,8.8525,1054.0,256139.0,1099.0,9.8,7.4,76.08,542.6,113.3044,66.5,6470.763,61.6,105.2
64,1992-05-01,120000.0,5392.4,4606.845715629906,4.900820428089049,64.1,650.0,4605.0,6.0,8.672,1056.0,256437.0,1214.0,9.8,7.6,76.398,542.6,113.5843,66.6,6470.763,61.5,105.5
65,1992-06-01,120000.0,5424.0,4616.306923311265,4.900820428089049,64.1,644.0,4584.0,5.6,8.51,1057.0,256742.0,1145.0,10.0,7.8,76.602,542.7,112.737,66.7,6470.763,61.5,105.4
66,1992-07-01,120000.0,5437.1,4911.313456219044,4.900820428089049,64.1,629.0,4570.0,5.3,8.128,1089.0,257063.0,1139.0,9.5,7.7,76.711,546.7,112.1383,66.7,6566.641,61.6,105.0
67,1992-08-01,120000.0,5465.1,4385.523580852899,4.900820428089049,64.1,635.0,4581.0,5.2,7.975,1075.0,257390.0,1226.0,9.6,7.6,76.732,553.0,111.8263,66.6,6566.641,61.6,105.1
68,1992-09-01,120000.0,5452.8,4305.958158590504,4.900820428089049,64.1,638.0,4584.0,5.0,7.9225,1114.0,257704.0,1186.0,8.6,7.6,76.628,556.9,112.6484,66.5,6566.641,61.4,104.8
69,1992-10-01,126000.0,5444.9,4380.8360181486605,4.900820428089049,64.3,643.0,4600.0,5.1,8.088,1132.0,258004.0,1244.0,7.9,7.3,76.598,558.0,114.3146,66.2,6680.803,61.3,105.4
70,1992-11-01,126000.0,5467.4,4782.439060303486,4.900820428089049,64.3,641.0,4606.0,5.4,8.305,1118.0,258280.0,1214.0,7.9,7.4,76.579,560.0,104.542,66.3,6680.803,61.4,105.5
71,1992-12-01,126000.0,5676.8,4663.665228167794,4.900820428089049,64.3,638.0,4630.0,5.0,8.206,1176.0,258546.0,1227.0,10.5,7.4,76.464,560.2,104.9759,66.3,6680.803,61.4,105.4
72,1993-01-01,125000.0,5534.1,4362.094797118521,4.900820428089049,63.9,636.0,4664.0,5.4,7.9925,1177.0,258799.0,1210.0,8.5,7.3,76.395,563.4,104.6167,66.2,6729.459,61.4,106.2
73,1993-02-01,125000.0,5568.0,4839.640419051647,4.900820428089049,63.9,640.0,4714.0,5.3,7.6825,1148.0,259036.0,1210.0,8.8,7.1,76.327,568.1,104.4493,66.2,6729.459,61.4,106.8
74,1993-03-01,125000.0,5565.0,4221.999888575969,4.900820428089049,63.9,633.0,4676.0,5.4,7.495,1056.0,259283.0,1083.0,8.8,7.0,76.382,570.5,102.9615,66.2,6729.459,61.5,107.0
75,1993-04-01,127000.0,5621.8,4744.373012208877,4.911183215124596,64.0,636.0,4690.0,4.7,7.472,1104.0,259547.0,1258.0,8.7,7.1,76.66,575.2,104.3104,66.1,6808.939,61.5,111.2
76,1993-05-01,127000.0,5637.9,4249.9529030919775,4.92870191133357,64.0,648.0,4753.0,5.3,7.465,1112.0,259822.0,1260.0,8.2,7.1,77.03,582.4,107.9121,66.4,6808.939,61.7,111.7
77,1993-06-01,127000.0,5632.9,4635.239805639264,4.92870191133357,64.0,654.0,4760.0,5.2,7.4175,1130.0,260109.0,1280.0,7.7,7.0,77.516,582.3,108.1358,66.5,6808.939,61.8,111.9
78,1993-07-01,127000.0,5660.1,4152.2631831992685,4.92870191133357,64.0,663.0,4783.0,5.3,7.206,1174.0,260411.0,1254.0,7.5,6.9,77.885,582.9,109.5383,66.4,6882.098,61.8,111.6
79,1993-08-01,127000.0,5682.0,4973.5827996383305,4.92870191133357,64.0,665.0,4806.0,5.5,7.1125,1230.0,260717.0,1300.0,7.6,6.8,78.131,582.8,110.2556,66.4,6882.098,62.0,112.6
80,1993-09-01,127000.0,5675.1,4535.998383248913,4.92870191133357,64.0,677.0,4823.0,4.9,6.915,1251.0,261015.0,1343.0,6.8,6.7,78.19800000000001,586.3,109.121,66.2,6882.098,61.7,112.7
81,1993-10-01,127000.0,5669.1,4887.401388386531,4.92870191133357,64.1,687.0,4868.0,5.0,6.834,1287.0,261294.0,1392.0,6.2,6.8,78.172,591.1,109.8777,66.3,7013.738,61.8,113.2
82,1993-11-01,127000.0,5694.4,4834.868969851847,4.92870191133357,64.1,695.0,4887.0,4.8,7.155,1357.0,261550.0,1376.0,6.2,6.6,78.17,599.3,112.0146,66.3,7013.738,61.9,113.4
83,1993-12-01,127000.0,5893.8,5093.725763766673,4.92870191133357,64.1,703.0,4925.0,4.5,7.172,1461.0,261796.0,1533.0,9.0,6.5,78.113,607.1,112.6733,66.4,7013.738,62.0,113.4
84,1994-01-01,130000.0,5779.0,4801.492576360193,4.92870191133357,64.0,709.0,4940.0,5.9,7.06,1390.0,262021.0,1272.0,7.0,6.6,78.19800000000001,614.1,106.0954,66.6,7115.652,62.2,113.9
85,1994-02-01,130000.0,5798.0,5403.60744157473,4.92870191133357,64.0,716.0,4923.0,5.0,7.1525,1269.0,262237.0,1337.0,6.4,6.6,78.204,609.4,105.0822,66.6,7115.652,62.3,114.5
86,1994-03-01,130000.0,5829.4,4940.035609413669,4.9279780604152466,64.0,732.0,4990.0,4.8,7.675,1342.0,262491.0,1564.0,6.7,6.5,78.34899999999999,620.4,116.9048,66.5,7115.652,62.1,115.3
87,1994-04-01,130000.0,5890.5,5505.9974916670935,4.9279780604152466,63.9,740.0,5047.0,5.2,8.316,1392.0,262754.0,1465.0,6.3,6.4,78.70100000000001,622.1,116.956,66.5,7246.931,62.3,117.7
88,1994-05-01,130000.0,5911.1,5780.707455915208,4.9279780604152466,63.9,749.0,5084.0,5.3,8.5975,1396.0,263014.0,1526.0,7.5,6.1,79.208,625.4,119.7682,66.6,7246.931,62.5,118.4
89,1994-06-01,130000.0,5917.5,5320.974907372556,4.950885289690482,63.9,757.0,5097.0,6.2,8.3975,1357.0,263294.0,1409.0,6.8,6.1,79.70100000000001,627.6,118.8258,66.4,7246.931,62.3,119.5
90,1994-07-01,129700.0,5946.4,5055.223924132625,4.950885289690482,63.9,764.0,5125.0,6.3,8.614,1335.0,263580.0,1439.0,6.9,6.1,80.063,630.0,117.5506,66.4,7331.075,62.3,119.6
91,1994-08-01,129700.0,5968.7,5379.279985119244,4.950885289690482,63.9,773.0,5139.0,6.1,8.5125,1377.0,263871.0,1450.0,6.4,6.0,80.317,631.9,119.2109,66.6,7331.075,62.6,120.7
92,1994-09-01,129700.0,6001.5,5701.973864809385,4.950885289690482,63.9,774.0,5175.0,6.0,8.64,1412.0,264159.0,1474.0,6.7,5.9,80.34,633.2,121.4776,66.6,7331.075,62.7,121.0
93,1994-10-01,132000.0,6065.3,5525.539462352343,4.950885289690482,64.1,775.0,5177.0,5.6,8.925,1397.0,264430.0,1450.0,7.0,5.8,80.304,634.5,118.9145,66.7,7455.288,62.9,121.5
94,1994-11-01,132000.0,6075.4,5462.073704877036,4.950885289690482,64.1,785.0,5210.0,6.3,9.17,1340.0,264681.0,1511.0,6.9,5.6,80.17,632.4,123.8681,66.7,7455.288,63.0,121.4
95,1994-12-01,132000.0,6108.1,5564.660709525784,4.950885289690482,64.1,784.0,5226.0,6.6,9.198,1396.0,264924.0,1455.0,7.0,5.5,80.078,633.1,128.9246,66.7,7455.288,63.1,121.3
96,1995-01-01,130000.0,6148.6,5746.237607069852,4.950885289690482,64.4,783.0,5234.0,6.8,9.1475,1282.0,265157.0,1407.0,7.3,5.6,80.027,633.2,126.5968,66.8,7522.289,63.0,122.5
97,1995-02-01,130000.0,6173.3,5117.816059091906,4.950885289690482,64.4,793.0,5192.0,7.3,8.8275,1254.0,265383.0,1316.0,7.7,5.4,79.992,630.1,124.8849,66.8,7522.289,63.1,123.2
98,1995-03-01,130000.0,6200.3,5697.059477134721,4.950885289690482,64.4,771.0,5242.0,6.8,8.462,1226.0,265625.0,1249.0,7.4,5.4,80.078,630.4,127.4955,66.7,7522.289,63.1,123.2
99,1995-04-01,133900.0,6223.9,5350.113153944177,4.950885289690482,64.7,761.0,5252.0,6.7,8.32,1259.0,265877.0,1267.0,6.8,5.8,80.369,629.5,122.7703,66.9,7580.997,63.1,128.0
100,1995-05-01,133900.0,6238.3,5272.474956601739,4.950885289690482,64.7,758.0,5220.0,6.3,7.955,1271.0,266134.0,1314.0,7.0,5.6,80.691,628.0,119.6881,66.5,7580.997,62.7,128.6
101,1995-06-01,133900.0,6267.4,4868.286875020465,4.958639998977875,64.7,759.0,5250.0,5.8,7.566,1305.0,266414.0,1281.0,6.5,5.6,81.069,626.1,124.2416,66.5,7580.997,62.7,128.5
102,1995-07-01,132000.0,6296.3,5398.740370510242,4.958639998977875,64.8,762.0,5262.0,5.6,7.6075,1354.0,266700.0,1461.0,6.9,5.7,81.413,626.0,124.9272,66.6,7683.125,62.8,128.8
103,1995-08-01,132000.0,6319.0,4978.3785874078985,4.958639998977875,64.8,774.0,5286.0,6.1,7.86,1386.0,266998.0,1416.0,6.6,5.7,81.655,627.5,125.634,66.6,7683.125,62.8,128.8
104,1995-09-01,132000.0,6347.7,5045.606687756213,4.958639998977875,64.8,780.0,5324.0,6.3,7.636,1421.0,267304.0,1369.0,6.6,5.6,81.73899999999999,629.9,126.1997,66.6,7683.125,62.9,129.0
105,1995-10-01,138000.0,6373.5,5316.121319017866,4.958639998977875,65.1,781.0,5353.0,6.3,7.475,1400.0,267585.0,1369.0,7.0,5.5,81.727,634.2,128.0076,66.6,7772.586,62.9,128.8
106,1995-11-01,138000.0,6394.0,5437.699004930998,4.958639998977875,65.1,786.0,5358.0,6.8,7.3775,1430.0,267829.0,1452.0,6.4,5.6,81.631,637.5,127.8461,66.5,7772.586,62.8,128.8
107,1995-12-01,138000.0,6417.8,4668.405836199644,4.958639998977875,65.1,799.0,5344.0,6.4,7.2,1442.0,268047.0,1431.0,6.0,5.6,81.514,638.6,126.2146,66.4,7772.586,62.7,128.5
108,1996-01-01,137000.0,6453.9,5643.051645237974,4.958639998977875,65.3,803.0,5355.0,6.4,7.03,1387.0,268258.0,1467.0,6.5,5.6,81.42699999999999,642.0,123.7242,66.4,7868.468,62.7,128.5
109,1996-02-01,137000.0,6517.8,5228.893514216434,4.958639998977875,65.3,793.0,5415.0,5.3,7.075,1420.0,268480.0,1491.0,6.6,5.5,81.399,647.0,124.1369,66.6,7868.468,62.9,129.2
110,1996-03-01,137000.0,6560.4,5481.587571627072,4.958639998977875,65.3,814.0,5446.0,6.2,7.624,1437.0,268724.0,1424.0,6.4,5.5,81.665,650.1,123.1088,66.6,7868.468,63.0,129.2
111,1996-04-01,139900.0,6597.3,5277.3213527818825,4.958639998977875,65.4,827.0,5474.0,6.0,7.925,1463.0,268980.0,1516.0,5.5,5.6,82.125,654.9,130.1377,66.7,8032.84,63.0,132.3
112,1996-05-01,139900.0,6637.3,5746.237607069852,4.958639998977875,65.4,832.0,5498.0,5.9,8.07,1457.0,269247.0,1504.0,6.5,5.6,82.602,658.7,130.1725,66.7,8032.84,63.0,133.7
113,1996-06-01,139900.0,6681.3,5815.214331184985,4.958639998977875,65.4,826.0,5534.0,6.0,8.32,1429.0,269527.0,1467.0,6.9,5.3,83.04899999999999,663.3,129.1709,66.7,8032.84,63.2,133.8
114,1996-07-01,140000.0,6681.6,5894.225473949703,4.958639998977875,65.4,824.0,5557.0,5.7,8.245,1450.0,269822.0,1472.0,6.5,5.5,83.419,664.6,128.2446,66.9,8131.408,63.3,133.9
115,1996-08-01,140000.0,6709.4,5968.471966812728,4.958639998977875,65.4,820.0,5586.0,5.0,8.002,1413.0,270130.0,1557.0,6.4,5.1,83.645,670.6,130.1944,66.7,8131.408,63.3,134.2
116,1996-09-01,140000.0,6747.4,5530.426900598145,4.958639998977875,65.4,824.0,5610.0,5.2,8.23,1392.0,270433.0,1475.0,6.4,5.2,83.70200000000001,674.4,126.8553,66.9,8131.408,63.4,135.1
117,1996-10-01,144100.0,6768.8,5594.034177184154,4.958639998977875,65.4,821.0,5643.0,5.6,7.915,1358.0,270730.0,1392.0,6.1,5.2,83.62899999999999,676.0,128.816,67.0,8259.771,63.5,135.2
118,1996-11-01,144100.0,6802.4,5697.059477134721,4.958639998977875,65.4,829.0,5668.0,5.2,7.618,1412.0,271002.0,1489.0,6.2,5.4,83.557,679.7,126.1401,67.0,8259.771,63.4,135.2
119,1996-12-01,144100.0,6836.6,6062.7564882506285,4.958639998977875,65.4,814.0,5675.0,5.0,7.5975,1411.0,271243.0,1370.0,6.1,5.4,83.491,681.2,124.1316,67.0,8259.771,63.4,134.8
120,1997-01-01,145000.0,6884.8,5520.652801895532,4.958639998977875,65.5,817.0,5675.0,4.7,7.824,1382.0,271472.0,1355.0,5.9,5.3,83.531,684.6,125.2006,67.0,8362.655,63.4,135.2
121,1997-02-01,145000.0,6920.9,6352.198131757365,4.958639998977875,65.5,810.0,5722.0,4.5,7.65,1445.0,271703.0,1486.0,6.0,5.2,83.59700000000001,687.8,132.4098,66.9,8362.655,63.4,135.5
122,1997-03-01,145000.0,6960.8,5854.6959180344775,4.958639998977875,65.5,808.0,5751.0,4.1,7.8975,1436.0,271952.0,1457.0,6.1,5.2,83.912,695.3,137.0678,67.1,8362.655,63.6,135.2
123,1997-04-01,145800.0,6972.8,5820.146899137461,4.958639998977875,65.7,810.0,5764.0,4.7,8.1425,1421.0,272213.0,1492.0,6.2,5.1,84.321,692.3,136.4713,67.1,8518.825,63.7,137.9
124,1997-05-01,145800.0,7001.3,5633.24199884588,4.958639998977875,65.7,816.0,5793.0,4.6,7.944,1414.0,272482.0,1442.0,6.5,4.9,84.86399999999999,690.8,134.0933,67.1,8518.825,63.8,138.2
125,1997-06-01,145800.0,7035.8,5219.217600241823,4.958639998977875,65.7,826.0,5793.0,4.4,7.69,1402.0,272767.0,1494.0,6.3,5.0,85.398,690.5,135.5394,67.1,8518.825,63.7,138.9
126,1997-07-01,145000.0,7071.7,5209.544913075229,4.958639998977875,65.8,836.0,5817.0,4.4,7.4975,1440.0,273074.0,1437.0,5.8,4.9,85.84100000000001,693.6,138.2605,67.2,8662.823,63.9,139.1
127,1997-08-01,145000.0,7119.4,5301.565339380661,4.959341999708705,65.8,836.0,5846.0,4.3,7.48,1449.0,273395.0,1390.0,5.7,4.8,86.15100000000001,695.1,138.4137,67.2,8662.823,63.9,139.5
128,1997-09-01,145000.0,7158.1,5839.884690454822,4.959341999708705,65.8,846.0,5874.0,4.2,7.43,1494.0,273703.0,1546.0,5.9,4.9,86.311,695.7,143.5012,67.1,8662.823,63.9,139.2
129,1997-10-01,144200.0,7205.1,5613.6319283638,4.959341999708705,65.8,858.0,5883.0,4.3,7.294,1499.0,273989.0,1520.0,5.9,4.7,86.40799999999999,696.7,143.0334,67.1,8765.907,63.9,139.5
130,1997-11-01,144200.0,7257.0,5731.476184470282,4.959341999708705,65.8,865.0,5899.0,3.9,7.205,1469.0,274249.0,1510.0,6.1,4.6,86.632,700.0,140.3559,67.2,8765.907,64.1,139.2
131,1997-12-01,144200.0,7300.0,5770.8551432808545,4.959341999708705,65.8,872.0,5938.0,4.4,7.095,1456.0,274499.0,1566.0,6.1,4.7,86.848,703.4,140.801,67.2,8765.907,64.0,139.3
132,1998-01-01,152200.0,7368.9,5224.055154117276,4.959341999708705,66.0,886.0,5983.0,4.0,6.994,1555.0,274732.0,1525.0,7.0,4.6,87.163,704.1,143.4028,67.1,8866.48,64.0,139.3
133,1998-02-01,152200.0,7416.5,5834.949115514025,4.9621450849358215,66.0,896.0,5997.0,3.9,7.0425,1647.0,274943.0,1584.0,7.0,4.6,87.37299999999999,704.2,139.0929,67.1,8866.48,64.0,139.6
134,1998-03-01,152200.0,7464.0,6013.099904803763,4.9621450849358215,66.0,905.0,5969.0,4.1,7.1275,1605.0,275175.0,1567.0,7.1,4.7,87.87700000000001,708.3,137.3363,67.1,8866.48,64.0,139.8
135,1998-04-01,149500.0,7501.7,6117.463371420296,4.9621450849358215,66.1,906.0,6049.0,4.0,7.14,1547.0,275434.0,1540.0,6.9,4.3,88.55799999999999,712.9,138.0548,67.0,8969.699,64.1,144.0
136,1998-05-01,149500.0,7547.0,5953.609299461001,4.962844630259907,66.1,912.0,6087.0,3.9,7.144,1554.0,275700.0,1536.0,6.6,4.4,89.374,718.5,139.0633,67.0,8969.699,64.1,144.3
137,1998-06-01,149500.0,7584.4,5963.517003498542,4.962844630259907,66.1,927.0,6130.0,3.8,6.9975,1551.0,275976.0,1641.0,6.5,4.5,90.195,725.9,138.7419,67.0,8969.699,64.0,145.5
138,1998-07-01,153000.0,7616.9,6387.293999962138,4.962844630259907,66.6,938.0,6172.0,4.0,6.952,1610.0,276266.0,1698.0,6.6,4.5,90.859,731.3,141.7337,67.0,9121.097,64.0,146.1
139,1998-08-01,153000.0,7656.2,6232.134843632122,4.962844630259907,66.6,941.0,6215.0,4.1,6.9225,1654.0,276566.0,1614.0,6.5,4.5,91.407,739.2,139.1771,67.0,9121.097,63.9,146.4
140,1998-09-01,153000.0,7678.1,5889.2816632169315,4.962844630259907,66.6,952.0,6225.0,4.1,6.7225,1577.0,276859.0,1582.0,6.1,4.6,91.751,739.4,141.3677,67.2,9121.097,64.2,146.5
141,1998-10-01,153000.0,7708.8,5889.2816632169315,4.962844630259907,66.5,972.0,6262.0,4.0,6.71,1719.0,277140.0,1715.0,5.9,4.5,91.999,745.3,138.9738,67.2,9293.991,64.1,146.4
142,1998-11-01,153000.0,7745.7,6649.085530549172,4.962844630259907,66.5,976.0,6301.0,3.5,6.865,1672.0,277402.0,1660.0,6.0,4.4,92.197,748.7,143.228,67.1,9293.991,64.2,146.5
143,1998-12-01,153000.0,7771.8,5795.491591132742,4.962844630259907,66.5,1003.0,6378.0,3.8,6.738,1742.0,277658.0,1792.0,5.5,4.4,92.443,754.7,149.91,67.2,9293.991,64.3,146.5
144,1999-01-01,157400.0,7813.1,6623.831325771782,4.973279507552487,66.7,973.0,6357.0,3.9,6.785,1732.0,277891.0,1748.0,6.1,4.3,92.714,764.5,143.0987,67.2,9411.682,64.4,147.4
145,1999-02-01,157400.0,7840.9,5923.903996509384,4.980176086611547,66.7,989.0,6429.0,4.0,6.8075,1720.0,278095.0,1670.0,6.0,4.4,92.981,773.9,146.9786,67.2,9411.682,64.2,147.5
146,1999-03-01,157400.0,7855.9,6999.339474230009,4.980176086611547,66.7,994.0,6402.0,4.1,7.04,1665.0,278324.0,1710.0,5.6,4.2,93.611,778.0,140.1138,67.0,9411.682,64.2,148.0
147,1999-04-01,158700.0,7871.1,6528.023618994169,4.969118613893322,66.7,991.0,6480.0,3.9,6.916,1600.0,278584.0,1553.0,4.7,4.3,94.436,783.6,135.8202,67.1,9526.21,64.2,149.1
148,1999-05-01,158700.0,7894.2,6745.2086789536515,4.9684234452869465,66.7,989.0,6516.0,4.0,7.145,1640.0,278859.0,1611.0,4.4,4.2,95.36,792.2,133.8325,67.1,9526.21,64.3,149.9
149,1999-06-01,158700.0,7925.1,6872.062673970495,4.970507503005476,66.7,981.0,6547.0,3.9,7.55,1702.0,279148.0,1559.0,4.3,4.3,96.363,798.5,133.9478,67.1,9526.21,64.2,149.9
150,1999-07-01,159100.0,7965.8,6613.734489607713,4.970507503005476,66.8,983.0,6571.0,4.0,7.632,1682.0,279448.0,1669.0,4.4,4.3,97.192,803.7,131.7943,67.1,9686.626,64.2,149.7
151,1999-08-01,159100.0,8016.9,6442.514783724468,4.970507503005476,66.8,989.0,6586.0,4.0,7.9425,1671.0,279752.0,1648.0,4.3,4.2,97.897,806.1,133.2683,67.0,9686.626,64.2,149.8
152,1999-09-01,159100.0,8041.2,6846.657890223891,4.970507503005476,66.8,983.0,6613.0,4.5,7.8225,1551.0,280053.0,1635.0,3.7,4.2,98.399,810.0,131.4058,67.0,9686.626,64.2,149.8
153,1999-10-01,165300.0,8102.4,6593.549139152739,4.971201224850849,66.9,983.0,6640.0,4.2,7.852,1649.0,280337.0,1608.0,4.0,4.1,98.832,811.5,136.7582,67.0,9900.169,64.3,149.5
154,1999-11-01,165300.0,8165.3,6608.687111251472,4.971201224850849,66.9,983.0,6687.0,4.3,7.7375,1672.0,280594.0,1648.0,4.1,4.1,99.149,819.6,148.7383,67.1,9900.169,64.4,149.4
155,1999-12-01,165300.0,8251.2,6928.012671481835,4.971201224850849,66.9,983.0,6709.0,4.3,7.912,1683.0,280846.0,1708.0,3.7,4.0,99.543,822.8,148.3553,67.1,9900.169,64.4,149.0
156,2000-01-01,165300.0,8348.0,6497.820872827984,4.971201224850849,67.1,991.0,6752.0,4.3,8.21,1727.0,281083.0,1636.0,4.5,4.0,100.0,832.5,144.613,67.3,10002.179,64.6,149.1
157,2000-02-01,165300.0,8408.8,7019.742666885667,4.974662633637438,67.1,998.0,6730.0,4.3,8.325,1692.0,281299.0,1737.0,4.0,4.1,100.571,834.3,143.9732,67.3,10002.179,64.6,148.3
158,2000-03-01,165300.0,8468.3,7157.742505269718,4.974662633637438,67.1,988.0,6811.0,4.3,8.24,1651.0,281531.0,1604.0,3.8,4.0,101.466,843.2,151.6946,67.3,10002.179,64.6,148.1
159,2000-04-01,163200.0,8506.8,6679.413372390101,4.974662633637438,67.3,989.0,6794.0,4.4,8.1525,1597.0,281763.0,1626.0,4.3,3.8,102.541,834.0,142.1024,67.3,10247.72,64.7,148.6
160,2000-05-01,163200.0,8544.5,7045.26167026411,5.011967739330034,67.3,985.0,6770.0,4.4,8.515,1543.0,281996.0,1575.0,4.3,4.0,103.702,827.9,143.7562,67.1,10247.72,64.4,149.1
161,2000-06-01,163200.0,8597.8,6277.110239460589,4.9788005705762375,67.3,982.0,6778.0,4.8,8.288,1572.0,282247.0,1559.0,4.3,4.0,104.855,826.7,140.99,67.1,10247.72,64.5,149.3
162,2000-07-01,168800.0,8665.3,6102.534546072307,4.9788005705762375,67.5,979.0,6794.0,4.1,8.1475,1542.0,282504.0,1463.0,4.7,4.0,105.722,828.9,140.54,66.9,10318.165,64.2,149.3
163,2000-08-01,168800.0,8712.2,6492.7895338112285,4.9788005705762375,67.5,976.0,6796.0,4.4,8.0275,1552.0,282769.0,1541.0,4.8,4.1,106.522,822.2,144.0,66.9,10318.165,64.2,148.8
164,2000-09-01,168800.0,8757.7,6267.110679826019,4.9788005705762375,67.5,970.0,6807.0,4.0,7.912,1570.0,283033.0,1507.0,4.1,3.9,107.135,818.2,142.1897,66.9,10318.165,64.2,148.6
165,2000-10-01,172900.0,8792.1,6192.205675211249,4.9788005705762375,67.5,972.0,6814.0,4.0,7.795,1577.0,283285.0,1549.0,4.3,3.9,107.728,813.2,143.4779,66.8,10435.744,64.2,148.4
166,2000-11-01,172900.0,8809.9,6322.143698898207,4.9788005705762375,67.5,970.0,6817.0,4.2,7.745,1614.0,283523.0,1551.0,4.3,3.9,108.291,805.8,137.4387,66.9,10435.744,64.3,148.6
167,2000-12-01,172900.0,8844.0,6232.134843632122,4.978112102390695,67.5,969.0,6792.0,3.6,7.382,1543.0,283748.0,1532.0,4.1,3.9,108.791,797.2,130.5541,67.0,10435.744,64.4,147.5
168,2001-01-01,169800.0,8940.9,5909.061382306742,4.978112102390695,67.6,986.0,6824.0,3.8,7.0325,1699.0,283960.0,1600.0,4.5,4.2,109.214,782.8,139.6751,67.2,10470.231,64.4,148.3
169,2001-02-01,169800.0,8975.8,6307.126110657066,4.978112102390695,67.6,987.0,6841.0,3.7,7.05,1656.0,284166.0,1625.0,4.6,4.2,109.642,781.8,143.9848,67.1,10470.231,64.3,148.0
170,2001-03-01,169800.0,9009.4,5978.384114063907,4.978112102390695,67.6,1001.0,6862.0,3.8,6.952,1659.0,284380.0,1590.0,4.9,4.3,110.394,775.5,147.6021,67.2,10470.231,64.3,147.4
171,2001-04-01,179000.0,9008.9,6497.820872827984,5.003946305945459,67.8,1007.0,6844.0,3.9,7.0775,1666.0,284602.0,1649.0,4.8,4.4,111.248,772.8,152.7133,66.9,10599.0,64.0,148.9
172,2001-05-01,179000.0,9011.1,6112.486367049678,5.012633296758929,67.8,1015.0,6849.0,4.0,7.145,1665.0,284834.0,1605.0,4.3,4.3,112.203,775.0,149.6911,66.7,10599.0,63.8,148.8
173,2001-06-01,179000.0,9017.1,6902.570734496245,5.012633296758929,67.8,1013.0,6840.0,4.2,7.16,1626.0,285076.0,1636.0,4.2,4.5,113.272,779.6,147.0751,66.7,10599.0,63.7,148.6
174,2001-07-01,172500.0,9014.6,6538.096797337189,5.012633296758929,67.9,1017.0,6845.0,4.2,7.1275,1598.0,285324.0,1670.0,5.4,4.6,114.226,781.6,147.7865,66.8,10598.02,63.7,149.1
175,2001-08-01,172500.0,9001.4,6704.70552156522,5.012633296758929,67.9,1011.0,6827.0,4.4,6.95,1615.0,285584.0,1567.0,6.5,4.9,114.987,781.8,145.3626,66.5,10598.02,63.2,149.1
176,2001-09-01,172500.0,8975.3,6382.278174968095,5.012633296758929,67.9,1014.0,6813.0,4.4,6.8175,1565.0,285842.0,1562.0,6.9,5.0,115.465,782.9,143.2876,66.8,10598.02,63.5,149.1
177,2001-10-01,171100.0,8987.3,6623.831325771782,5.012633296758929,67.9,1008.0,6804.0,4.3,6.6175,1566.0,286086.0,1540.0,2.9,5.3,115.681,785.9,146.5655,66.7,10660.465,63.2,149.4
178,2001-11-01,171100.0,8985.1,6402.345726880756,5.012633296758929,67.9,1011.0,6784.0,4.1,6.658,1651.0,286315.0,1602.0,3.4,5.5,115.839,787.2,151.3362,66.7,10660.465,63.0,149.1
179,2001-12-01,171100.0,8990.7,7101.462012191883,5.012633296758929,67.9,996.0,6785.0,3.8,7.065,1680.0,286533.0,1568.0,3.7,5.7,116.056,789.2,149.4688,66.7,10660.465,62.9,149.0
180,2002-01-01,188700.0,9015.6,6790.82709353617,5.012633296758929,67.9,996.0,6775.0,4.2,6.9975,1665.0,286739.0,1698.0,5.6,5.7,116.437,785.8,154.1368,66.5,10783.5,62.7,148.8
181,2002-02-01,188700.0,9031.9,6989.141888089321,5.012633296758929,67.9,1005.0,6766.0,4.0,6.8925,1787.0,286935.0,1829.0,5.4,5.7,116.917,794.9,153.3106,66.8,10783.5,63.0,148.4
182,2002-03-01,188700.0,9050.7,6422.42460402362,5.007965065540377,67.9,1013.0,6755.0,4.1,7.014,1691.0,287131.0,1642.0,5.5,5.7,117.929,798.8,144.7966,66.6,10783.5,62.8,147.9
183,2002-04-01,187200.0,9099.9,6755.341320745695,5.017941869278694,67.8,1011.0,6710.0,4.3,6.985,1669.0,287343.0,1592.0,5.4,5.9,119.209,796.8,142.7707,66.7,10887.46,62.7,151.8
184,2002-05-01,187200.0,9131.0,7162.86287417287,5.017941869278694,67.8,1019.0,6684.0,4.0,6.806,1716.0,287571.0,1764.0,6.1,5.8,120.788,799.3,141.9094,66.7,10887.46,62.9,152.2
185,2002-06-01,187200.0,9164.8,6573.3749026387395,5.020585624949423,67.8,1023.0,6701.0,4.2,6.65,1758.0,287808.0,1717.0,6.1,5.8,122.333,798.7,144.8674,66.6,10887.46,62.7,151.9
186,2002-07-01,178100.0,9157.5,6704.70552156522,5.020585624949423,67.9,1029.0,6688.0,4.2,6.485,1738.0,288051.0,1655.0,5.3,5.8,123.687,800.8,143.1601,66.5,10984.04,62.7,151.9
187,2002-08-01,178100.0,9175.3,7250.0096914761225,5.020585624949423,67.9,1013.0,6701.0,4.0,6.29,1695.0,288303.0,1633.0,5.2,5.7,124.729,807.1,142.5233,66.6,10984.04,62.7,152.7
188,2002-09-01,178100.0,9197.1,6836.500721005451,5.020585624949423,67.9,1024.0,6702.0,3.9,6.0925,1803.0,288554.0,1804.0,5.8,5.7,125.494,809.4,144.0017,66.7,10984.04,63.0,152.6
189,2002-10-01,190100.0,9229.6,6633.930932283654,5.020585624949423,68.2,1026.0,6689.0,4.0,6.1125,1799.0,288794.0,1648.0,5.6,5.7,126.137,810.5,140.5239,66.6,11061.433,62.7,152.6
190,2002-11-01,190100.0,9258.8,7229.487508047985,5.020585624949423,68.2,1031.0,6713.0,4.0,6.068,1771.0,289012.0,1753.0,5.6,5.9,126.643,826.7,141.7779,66.4,11061.433,62.5,152.0
191,2002-12-01,190100.0,9288.3,6989.141888089321,5.020585624949423,68.2,1033.0,6700.0,4.0,6.0475,1896.0,289214.0,1788.0,5.3,6.0,127.151,816.8,136.1994,66.3,11061.433,62.4,151.0
192,2003-01-01,186000.0,9290.1,6902.570734496245,5.020585624949423,68.1,1049.0,6704.0,4.0,5.916,1808.0,289412.0,1853.0,5.3,5.8,127.652,817.8,145.7576,66.4,11174.129,62.5,151.0
193,2003-02-01,186000.0,9296.2,7075.906441682624,5.0330488889331555,68.1,1044.0,6667.0,4.5,5.8425,1854.0,289606.0,1629.0,5.2,5.9,128.326,817.7,130.6707,66.4,11174.129,62.5,151.1
194,2003-03-01,186000.0,9333.8,6821.270058387847,5.04148775757902,68.1,1044.0,6654.0,4.1,5.745,1757.0,289809.0,1726.0,4.9,5.9,129.308,821.1,139.9231,66.3,11174.129,62.4,151.1
195,2003-04-01,191800.0,9356.4,6943.285911839155,5.046002437933547,68.2,1043.0,6689.0,4.1,5.8125,1803.0,290024.0,1643.0,5.0,6.0,130.488,828.9,143.4302,66.4,11312.766,62.4,150.7
196,2003-05-01,191800.0,9414.4,7306.499568082119,5.046002437933547,68.2,1047.0,6706.0,3.9,5.484,1835.0,290250.0,1751.0,5.3,6.1,131.839,829.0,143.716,66.4,11312.766,62.3,151.1
197,2003-06-01,191800.0,9455.3,6836.500721005451,5.046002437933547,68.2,1064.0,6723.0,3.5,5.23,1875.0,290484.0,1867.0,5.1,6.3,133.225,836.9,146.5043,66.5,11312.766,62.3,151.2
198,2003-07-01,191900.0,9491.6,7035.052069408786,5.046002437933547,68.3,1078.0,6735.0,3.6,5.6325,1885.0,290726.0,1897.0,5.9,6.2,134.64700000000002,836.7,151.803,66.2,11566.669,62.1,151.0
199,2003-08-01,191900.0,9538.8,6477.699727155792,5.046002437933547,68.3,1102.0,6760.0,3.5,6.264,1966.0,290974.0,1833.0,5.7,6.1,135.966,840.2,152.498,66.1,11566.669,62.1,150.6
200,2003-09-01,191900.0,9582.5,7234.617072340134,5.046002437933547,68.3,1121.0,6783.0,3.8,6.1475,1961.0,291222.0,1939.0,4.9,6.1,137.076,850.2,154.9852,66.1,11566.669,62.0,150.2
201,2003-10-01,198800.0,9620.4,7280.812571258073,5.046002437933547,68.5,1135.0,6784.0,3.8,5.952,2012.0,291463.0,1967.0,5.0,6.0,137.975,854.6,162.1132,66.1,11772.234,62.1,149.6
202,2003-11-01,198800.0,9688.2,7096.349572061607,5.046002437933547,68.5,1158.0,6796.0,4.1,5.9325,1918.0,291677.0,2083.0,5.0,5.8,138.765,858.5,156.7902,66.1,11772.234,62.3,149.5
203,2003-12-01,198800.0,9713.2,7219.230344376182,5.046002437933547,68.5,1183.0,6827.0,4.0,5.876,1987.0,291868.0,2057.0,5.0,5.7,139.627,863.3,160.271,65.9,11772.234,62.2,149.4
204,2004-01-01,212700.0,9731.8,7183.350934408944,5.046002437933547,68.7,1191.0,6848.0,3.8,5.7125,1952.0,292046.0,1911.0,4.6,5.7,140.705,866.4,152.7907,66.1,11923.447,62.3,149.4
205,2004-02-01,212700.0,9765.4,7229.487508047985,5.046002437933547,68.7,1197.0,6838.0,3.7,5.635,1966.0,292230.0,1846.0,4.6,5.6,142.029,867.3,149.9506,66.0,11923.447,62.3,149.5
206,2004-03-01,212700.0,9815.8,7621.1794451202995,5.046002437933547,68.7,1219.0,6887.0,3.6,5.445,2066.0,292434.0,1998.0,4.5,5.8,144.08,875.7,169.2419,66.0,11923.447,62.2,150.2
207,2004-04-01,217600.0,9865.8,8373.267904238872,5.053694783556702,69.4,1222.0,6901.0,4.0,5.83,2070.0,292651.0,2003.0,4.9,5.6,146.18,876.2,170.912,65.9,12112.815,62.3,152.1
208,2004-05-01,217600.0,9950.0,8136.877481824961,5.053694783556702,69.4,1233.0,6948.0,3.8,6.27,2150.0,292872.0,1981.0,4.8,5.6,148.335,890.8,166.8739,66.0,12112.815,62.3,153.6
209,2004-06-01,217600.0,9988.4,7948.64931594663,5.053694783556702,69.4,1229.0,6962.0,3.9,6.2875,2020.0,293103.0,1828.0,5.4,5.6,150.518,891.3,161.1205,66.1,12112.815,62.4,153.9
210,2004-07-01,213500.0,10033.0,8074.046749096945,5.053694783556702,68.9,1247.0,6977.0,4.5,6.056,2112.0,293350.0,2002.0,4.7,5.5,152.33700000000002,898.6,165.4313,66.1,12305.307,62.5,154.4
211,2004-08-01,213500.0,10078.2,8231.287376410366,5.053694783556702,68.9,1238.0,7003.0,4.3,5.8675,2056.0,293603.0,2024.0,4.7,5.4,153.814,903.4,165.3898,66.0,12305.307,62.4,157.7
212,2004-09-01,213500.0,10110.5,7631.537051539138,5.053694783556702,68.9,1247.0,7029.0,4.1,5.754,2041.0,293857.0,1905.0,4.1,5.4,155.108,910.4,164.6773,65.8,12305.307,62.3,160.4
213,2004-10-01,228800.0,10159.3,7854.834013463141,5.053694783556702,69.1,1264.0,7077.0,3.9,5.7225,2097.0,294104.0,2072.0,3.9,5.5,156.298,918.3,159.7799,65.9,12527.214,62.3,160.4
214,2004-11-01,228800.0,10171.5,7435.1777422870355,5.053694783556702,69.1,1268.0,7091.0,4.3,5.73,2079.0,294337.0,1782.0,3.4,5.4,157.496,923.5,155.9717,66.0,12527.214,62.5,161.4
215,2004-12-01,228800.0,10520.8,8283.82178548201,5.053694783556702,69.1,1280.0,7117.0,4.1,5.752,2082.0,294561.0,2042.0,6.2,5.4,158.67,927.4,165.2899,65.9,12527.214,62.4,161.5
216,2005-01-01,232500.0,10247.0,8131.63824215061,5.056245805348308,69.2,1302.0,7095.0,4.4,5.71,2139.0,294768.0,2144.0,2.7,5.3,160.13,932.1,162.337,65.8,12767.286,62.4,166.8
217,2005-02-01,232500.0,10282.7,8215.538794774044,5.0912931971137105,69.2,1322.0,7153.0,4.3,5.6275,2114.0,294955.0,2207.0,2.3,5.4,161.924,938.0,166.6182,65.9,12767.286,62.4,168.8
218,2005-03-01,232500.0,10347.9,7584.947780651967,5.076423034634259,69.2,1311.0,7181.0,4.1,5.928,2062.0,295149.0,1864.0,2.5,5.2,164.576,942.5,164.584,65.9,12767.286,62.4,169.0
219,2005-04-01,233700.0,10412.1,8315.371257663031,5.101085197018328,68.7,1324.0,7266.0,4.3,5.855,2150.0,295359.0,2061.0,2.1,5.2,166.99900000000002,947.9,160.4395,66.1,12922.656,62.7,171.8
220,2005-05-01,233700.0,10464.1,9250.200895633494,5.101085197018328,68.7,1322.0,7294.0,4.2,5.72,2085.0,295582.0,2025.0,2.6,5.1,169.544,953.0,164.6264,66.1,12922.656,62.8,172.2
221,2005-06-01,233700.0,10498.0,8515.683012676678,5.101085197018328,68.7,1329.0,7333.0,4.3,5.582,2178.0,295824.0,2068.0,2.0,5.0,172.015,958.8,164.5805,66.1,12922.656,62.7,172.5
222,2005-07-01,236400.0,10558.3,8100.215568194485,5.101085197018328,68.7,1338.0,7353.0,4.2,5.695,2203.0,296077.0,2054.0,1.4,5.0,174.09799999999998,964.7,157.5149,66.1,13142.642,62.8,179.0
223,2005-08-01,236400.0,10619.6,8447.058824713622,5.101085197018328,68.7,1356.0,7394.0,4.5,5.82,2219.0,296338.0,2095.0,2.0,4.9,175.923,964.8,158.9917,66.2,13142.642,62.9,179.2
224,2005-09-01,236400.0,10687.7,8289.07853168889,5.101085197018328,68.7,1377.0,7415.0,4.7,5.774,2263.0,296606.0,2151.0,2.0,5.0,177.611,967.6,160.2513,66.1,13142.642,62.8,180.2
225,2005-10-01,243600.0,10767.3,8499.837797028864,5.101085197018328,68.9,1376.0,7460.0,4.5,6.065,2170.0,296857.0,2065.0,2.3,5.0,178.752,972.8,161.7801,66.1,13324.204,62.8,180.3
226,2005-11-01,243600.0,10815.4,8210.29047407048,5.101085197018328,68.9,1395.0,7524.0,5.0,6.33,2218.0,297089.0,2147.0,2.6,5.0,179.673,985.7,166.926,66.0,13324.204,62.7,180.6
227,2005-12-01,243600.0,10853.1,8389.070430736838,5.101694025043223,68.9,1405.0,7533.0,4.9,6.272,2120.0,297311.0,1994.0,2.5,4.9,180.107,995.7,170.1105,66.0,13324.204,62.8,181.3
228,2006-01-01,247700.0,11038.6,8892.221921625058,5.126342101808226,68.6,1424.0,7601.0,5.3,6.145,2212.0,297526.0,2273.0,3.0,4.7,180.828,1008.1,192.0322,66.0,13599.16,62.9,191.0
229,2006-02-01,247700.0,11102.6,8956.150148075627,5.135210028677887,68.6,1423.0,7664.0,6.1,6.2525,2141.0,297734.0,2119.0,3.2,4.8,181.5,1012.7,186.9827,66.1,13599.16,63.0,191.5
230,2006-03-01,247700.0,11171.8,10017.128354117704,5.135210028677887,68.6,1423.0,7689.0,5.9,6.324,2118.0,297950.0,1969.0,3.3,4.7,182.749,1017.8,174.864,66.2,13599.16,63.1,195.3
231,2006-04-01,246300.0,11229.5,9078.908753679541,5.138148614395216,68.8,1401.0,7726.0,6.3,6.5075,1998.0,298170.0,1821.0,3.1,4.7,183.648,1022.0,165.8735,66.1,13753.424,63.0,196.7
232,2006-05-01,246300.0,11251.1,8157.8405094775135,5.138148614395216,68.8,1409.0,7713.0,6.2,6.5975,1905.0,298401.0,1942.0,2.9,4.6,184.38,1016.6,160.6514,66.1,13753.424,63.1,197.6
233,2006-06-01,246300.0,11292.8,8966.812856519524,5.138148614395216,68.8,1383.0,7699.0,6.3,6.682,1867.0,298653.0,1802.0,2.9,4.6,184.547,1007.8,161.3281,66.2,13753.424,63.1,197.8
234,2006-07-01,235600.0,11322.1,8352.206215699322,5.138148614395216,68.9,1363.0,7712.0,7.3,6.7625,1763.0,298910.0,1737.0,2.3,4.7,184.608,1007.3,152.8727,66.1,13870.188,63.0,199.4
235,2006-08-01,235600.0,11346.8,8053.122675278114,5.138148614395216,68.9,1339.0,7720.0,6.7,6.524,1722.0,299178.0,1650.0,2.5,4.7,184.405,1009.2,153.7995,66.2,13870.188,63.1,200.0
236,2006-09-01,235600.0,11383.9,8759.303856812474,5.138148614395216,68.9,1317.0,7718.0,6.7,6.4025,1655.0,299452.0,1720.0,2.4,4.5,184.198,1011.6,149.9671,66.1,13870.188,63.1,201.0
237,2006-10-01,245400.0,11417.8,8268.055149220798,5.138148614395216,68.8,1283.0,7682.0,7.3,6.3575,1570.0,299710.0,1491.0,2.4,4.4,184.054,1005.8,151.0867,66.2,14039.56,63.3,201.0
238,2006-11-01,245400.0,11479.3,8136.877481824961,5.138148614395216,68.8,1265.0,7666.0,6.6,6.24,1535.0,299950.0,1570.0,2.7,4.5,183.631,996.0,153.3176,66.3,14039.56,63.3,200.9
239,2006-12-01,245400.0,11587.6,8110.687359918126,5.138148614395216,68.8,1247.0,7685.0,6.5,6.135,1638.0,300178.0,1649.0,2.6,4.4,183.229,989.5,167.7527,66.4,14039.56,63.4,200.8
240,2007-01-01,257400.0,11647.1,7766.415398210283,5.161351511474879,68.5,1217.0,7725.0,7.2,6.2175,1626.0,300398.0,1409.0,2.4,4.6,182.718,982.5,159.9997,66.4,14215.651,63.3,206.3
241,2007-02-01,257400.0,11734.2,6831.4231543154365,5.162497643405501,68.5,1206.0,7626.0,7.9,6.285,1598.0,300608.0,1480.0,2.8,4.5,182.471,977.3,153.1247,66.3,14215.651,63.3,204.3
242,2007-03-01,257400.0,11821.4,6745.2086789536515,5.174453379325651,68.5,1192.0,7706.0,7.9,6.156,1596.0,300823.0,1495.0,3.0,4.4,182.194,973.2,154.2676,66.2,14215.651,63.3,205.1
243,2007-04-01,242200.0,11868.1,6322.143698898207,5.244389024522481,68.3,1181.0,7686.0,7.4,6.18,1470.0,301045.0,1490.0,3.0,4.5,182.131,966.8,152.5383,65.9,14402.082,63.0,210.0
244,2007-05-01,242200.0,11908.7,6307.126110657066,5.244389024522481,68.3,1164.0,7673.0,7.8,6.262,1493.0,301278.0,1415.0,2.8,4.4,181.884,965.1,154.5282,66.0,14402.082,63.0,209.3
245,2007-06-01,242200.0,11929.2,6032.953718089785,5.244389024522481,68.3,1161.0,7687.0,8.2,6.6575,1407.0,301528.0,1448.0,2.7,4.6,181.54,964.0,149.986,66.0,14402.082,63.0,208.3
246,2007-07-01,241800.0,11955.7,6297.117957792947,5.244389024522481,68.0,1144.0,7660.0,8.3,6.695,1361.0,301790.0,1354.0,2.6,4.7,180.993,954.4,150.4928,66.0,14564.117,62.9,208.8
247,2007-08-01,241800.0,11963.1,6187.217779233167,5.244389024522481,68.0,1123.0,7610.0,9.2,6.572,1321.0,302064.0,1330.0,2.2,4.6,180.234,942.1,149.1233,65.8,14564.117,62.7,208.3
248,2007-09-01,241800.0,12025.5,5418.213386804154,5.244389024522481,68.0,1108.0,7577.0,9.2,6.3825,1261.0,302334.0,1183.0,2.3,4.7,179.122,936.5,149.8047,66.0,14564.117,62.9,210.7
249,2007-10-01,238400.0,12046.8,5657.771869144015,5.244916589820922,67.8,1096.0,7565.0,8.5,6.375,1192.0,302590.0,1264.0,2.2,4.7,177.53,921.6,147.7916,65.8,14715.058,62.7,210.2
250,2007-11-01,238400.0,12102.8,5584.239929952998,5.244916589820922,67.8,1080.0,7523.0,9.4,6.208,1224.0,302834.0,1197.0,1.9,4.7,175.162,895.0,151.5488,66.0,14715.058,62.9,210.1
251,2007-12-01,238400.0,12182.7,5282.168549968565,5.244916589820922,67.8,1059.0,7490.0,9.6,6.095,1149.0,303062.0,1037.0,2.4,5.0,173.338,896.4,145.0394,66.0,14715.058,62.7,209.1
252,2008-01-01,233900.0,12227.8,5296.714942866263,5.247024072160486,67.9,1041.0,7476.0,9.3,5.758,1094.0,303280.0,1084.0,2.6,5.0,171.077,886.6,148.6468,66.2,14706.538,62.9,208.5
253,2008-02-01,233900.0,12264.9,5021.578031874583,5.247024072160486,67.9,1025.0,7453.0,9.7,5.9175,1014.0,303494.0,1103.0,3.0,4.9,169.19099999999997,874.5,145.2225,66.0,14706.538,62.8,208.9
254,2008-03-01,233900.0,12314.7,4644.711471155428,5.247024072160486,67.9,1014.0,7406.0,10.25,5.97,967.0,303707.0,1005.0,2.9,5.1,167.90400000000002,867.3,141.695,66.1,14706.538,62.7,208.9
255,2008-04-01,235300.0,12302.6,3838.7930722606147,5.247024072160486,68.1,1009.0,7327.0,10.25,5.9175,1008.0,303926.0,1013.0,2.4,5.0,167.324,854.6,141.7131,65.9,14865.701,62.7,210.4
256,2008-05-01,235300.0,12879.3,4394.90141087265,5.243333058215277,68.1,991.0,7274.0,10.25,6.036,995.0,304157.0,973.0,6.8,5.4,167.021,840.8,137.6036,66.1,14865.701,62.5,207.7
257,2008-06-01,235300.0,12661.0,4394.90141087265,5.243333058215277,68.1,975.0,7213.0,10.25,6.32,1180.0,304396.0,1046.0,4.6,5.6,166.537,824.8,134.7346,66.1,14865.701,62.4,204.1
258,2008-07-01,226500.0,12514.8,4138.340984099974,5.245443876940969,67.7,955.0,7160.0,10.25,6.426,921.0,304646.0,923.0,3.6,5.8,165.713,812.7,135.0042,66.1,14898.999,62.2,207.9
259,2008-08-01,226500.0,12426.0,3815.9202155399857,5.255931650051599,67.7,936.0,7114.0,10.25,6.4775,858.0,304903.0,844.0,3.1,6.1,164.27700000000002,800.3,126.4443,66.1,14898.999,62.0,207.9
260,2008-09-01,226500.0,12445.0,4479.463386791603,5.258536496536192,67.7,904.0,7044.0,10.25,6.0375,797.0,305158.0,820.0,3.9,6.1,161.912,782.5,122.5937,66.0,14898.999,61.9,207.5
261,2008-10-01,222500.0,12446.5,3990.3652855970536,5.288771953704505,67.5,876.0,6967.0,10.25,6.2,736.0,305403.0,777.0,4.9,6.5,159.16299999999998,766.4,118.4615,66.0,14608.209,61.7,207.8
262,2008-11-01,222500.0,12387.1,4087.365119637896,5.288771953704505,67.5,842.0,6813.0,10.25,6.0875,626.0,305620.0,652.0,6.0,6.8,156.072,747.5,110.4791,65.9,14608.209,61.4,207.3
263,2008-12-01,222500.0,12238.5,3834.2165340220185,5.288771953704505,67.5,806.0,6701.0,10.25,5.286,554.0,305827.0,560.0,5.8,7.3,152.545,732.4,103.7368,65.8,14608.209,61.0,206.9
264,2009-01-01,208400.0,12125.6,2748.954384550392,5.288771953704505,67.4,783.0,6567.0,10.25,5.0475,545.0,306035.0,490.0,5.9,7.8,149.363,712.1,95.2495,65.7,14430.902,60.6,211.1
265,2009-02-01,208400.0,12007.4,2931.0371041922303,5.288771953704505,67.4,756.0,6446.0,10.25,5.13,558.0,306237.0,582.0,5.4,8.3,147.618,688.8,97.6872,65.8,14430.902,60.3,207.2
266,2009-03-01,208400.0,11965.3,3018.4719131729657,5.288771953704505,67.4,717.0,6291.0,10.25,5.0025,513.0,306438.0,505.0,5.8,8.7,146.515,667.1,86.881,65.6,14430.902,59.9,205.1
267,2009-04-01,220900.0,12009.4,3049.1827631252636,5.288771953704505,67.4,677.0,6154.0,10.25,4.81,521.0,306645.0,478.0,6.5,9.0,146.94299999999998,655.8,81.9703,65.7,14381.236,59.8,209.5
268,2009-05-01,220900.0,12179.6,2926.677544037918,5.288267030694535,67.4,650.0,6100.0,9.3,4.8575,556.0,306863.0,540.0,7.8,9.4,148.16899999999998,643.9,78.8737,65.7,14381.236,59.6,207.6
269,2009-06-01,220900.0,12042.9,2835.398346093526,5.288267030694535,67.4,627.0,6010.0,8.5,5.42,601.0,307090.0,585.0,6.1,9.5,149.797,634.9,78.7749,65.7,14381.236,59.4,204.9
270,2009-07-01,214300.0,11998.4,2835.398346093526,5.288267030694535,67.4,611.0,5932.0,7.9,5.222,595.0,307322.0,594.0,5.4,9.5,150.749,629.1,79.6953,65.5,14448.882,59.3,203.1
271,2009-08-01,214300.0,12011.2,2813.742286122041,5.288267030694535,67.4,588.0,5855.0,7.5,5.1925,616.0,307570.0,586.0,4.4,9.6,150.66899999999998,620.8,77.1998,65.4,14448.882,59.1,202.1
272,2009-09-01,214300.0,12061.1,2509.5310676540557,5.288267030694535,67.4,576.0,5787.0,7.8,5.0575,609.0,307826.0,585.0,5.5,9.6,149.628,612.8,76.367,65.1,14448.882,58.7,201.9
273,2009-10-01,219000.0,12069.4,2615.93106755815,5.288267030694535,67.2,554.0,5716.0,7.4,4.952,583.0,308071.0,534.0,5.1,9.6,148.585,606.4,67.7512,65.0,14651.249,58.5,200.6
274,2009-11-01,219000.0,12129.6,3040.4025295330507,5.288267030694535,67.2,532.0,5696.0,7.6,4.875,623.0,308289.0,588.0,5.5,9.6,147.939,602.3,74.3749,65.0,14651.249,58.6,199.9
275,2009-12-01,219000.0,12188.2,2633.0284031075994,5.288267030694535,67.2,517.0,5654.0,8.0,4.93,664.0,308495.0,581.0,5.4,9.6,146.664,596.2,69.8002,64.6,14651.249,58.3,198.5
276,2010-01-01,222900.0,12267.7,2374.517712191608,5.285738584341177,67.2,501.0,5580.0,8.1,5.03,636.0,308706.0,614.0,5.6,9.6,145.003,583.1,68.4778,64.8,14764.61,58.5,198.4
277,2010-02-01,222900.0,12267.6,2294.9974332972893,5.285738584341177,67.2,493.0,5500.0,8.3,4.99,650.0,308904.0,604.0,5.3,9.6,143.053,578.3,66.3508,64.9,14764.61,58.5,197.9
278,2010-03-01,222900.0,12330.9,2149.810682881091,5.285738584341177,67.2,492.0,5537.0,7.1,4.9675,687.0,309095.0,636.0,5.3,9.6,143.597,580.3,74.3844,64.9,14764.61,58.5,196.3
279,2010-04-01,219500.0,12441.8,2577.535613713337,5.2832037287379885,66.9,488.0,5553.0,6.2,5.098,637.0,309289.0,687.0,6.0,9.6,145.404,579.8,83.5931,65.2,14980.193,58.7,194.6
280,2010-05-01,219500.0,12543.7,2429.204713809915,5.2832037287379885,66.9,476.0,5520.0,9.3,4.8875,575.0,309485.0,583.0,6.4,9.6,147.04,578.1,81.0539,64.9,14980.193,58.6,193.3
281,2010-06-01,219500.0,12550.7,3261.254967372433,5.2832037287379885,66.9,447.0,5516.0,8.3,4.7375,587.0,309691.0,536.0,6.2,9.4,147.70600000000002,577.2,79.9611,64.6,14980.193,58.5,192.3
282,2010-07-01,224100.0,12588.7,1892.9215594462087,5.2832037287379885,66.7,443.0,5508.0,8.9,4.564,579.0,309913.0,546.0,6.1,9.4,147.566,570.2,78.0626,64.6,15141.607,58.5,191.7
283,2010-08-01,224100.0,12652.9,1973.833646829756,5.2832037287379885,66.7,444.0,5524.0,8.8,4.4275,580.0,310146.0,599.0,6.2,9.5,146.431,568.7,80.8866,64.7,15141.607,58.6,191.5
284,2010-09-01,224100.0,12673.4,2137.4461785334547,5.2832037287379885,66.7,439.0,5501.0,7.6,4.346,563.0,310385.0,594.0,6.1,9.5,144.612,568.0,80.733,64.6,15141.607,58.5,190.8
285,2010-10-01,224300.0,12723.6,2026.749900927663,5.2832037287379885,66.5,436.0,5508.0,8.2,4.225,558.0,310612.0,543.0,5.9,9.4,143.13299999999998,563.3,82.9329,64.4,15309.474,58.3,190.0
286,2010-11-01,224300.0,12765.5,1812.6270388422356,5.2832037287379885,66.5,431.0,5506.0,8.2,4.3,560.0,310820.0,545.0,5.8,9.6,141.82299999999998,560.8,82.6805,64.6,15309.474,58.2,188.5
287,2010-12-01,224300.0,12873.1,1864.7473629435997,5.2832037287379885,66.5,427.0,5467.0,7.0,4.714,632.0,311020.0,539.0,6.2,9.3,140.632,559.7,80.3226,64.3,15309.474,58.3,187.9
288,2011-01-01,226900.0,13080.7,1685.4841337693993,5.2832037287379885,66.5,431.0,5427.0,7.3,4.755,576.0,311204.0,630.0,6.6,9.1,139.04,556.9,79.0521,64.2,15351.448,58.3,185.8
289,2011-02-01,226900.0,13155.6,2067.6248718697057,5.2832037287379885,66.5,424.0,5451.0,8.1,4.9525,542.0,311373.0,517.0,6.9,9.0,137.735,559.0,82.803,64.1,15351.448,58.4,185.4
290,2011-03-01,226900.0,13178.2,1969.7736312573434,5.2832037287379885,66.5,420.0,5477.0,7.2,4.836,583.0,311551.0,600.0,6.3,9.0,137.78799999999998,562.4,80.3605,64.2,15351.448,58.4,186.5
291,2011-04-01,228100.0,13212.8,1800.6371850438688,5.2832037287379885,66.0,417.0,5485.0,6.7,4.84,581.0,311740.0,554.0,6.3,9.1,139.16,563.5,80.2154,64.2,15557.539,58.4,189.0
292,2011-05-01,228100.0,13239.1,1800.6371850438688,5.297316866214453,66.0,415.0,5516.0,6.6,4.6375,618.0,311935.0,561.0,6.3,9.0,140.694,560.1,83.0405,64.1,15557.539,58.3,188.0
293,2011-06-01,228100.0,13295.7,1921.1713985097222,5.297316866214453,66.0,416.0,5528.0,6.6,4.51,636.0,312147.0,608.0,6.5,9.1,141.946,567.5,85.5086,64.0,15557.539,58.2,186.9
294,2011-07-01,223500.0,13375.8,2145.6877561050455,5.297316866214453,66.1,417.0,5547.0,6.7,4.545,621.0,312372.0,623.0,6.7,9.0,142.343,565.1,86.6224,64.0,15647.68,58.2,188.6
295,2011-08-01,223500.0,13400.3,2063.5307788757273,5.297316866214453,66.1,414.0,5552.0,6.5,4.27,647.0,312605.0,585.0,6.7,9.0,141.787,564.4,88.4423,64.1,15647.68,58.3,187.8
296,2011-09-01,223500.0,13401.5,2018.5925785161394,5.297316866214453,66.1,417.0,5584.0,6.3,4.106,610.0,312842.0,650.0,6.4,9.0,140.16899999999998,565.6,87.5078,64.2,15647.68,58.4,189.3
297,2011-10-01,221100.0,13406.4,1868.7675895155753,5.3003153692107094,65.9,422.0,5588.0,6.0,4.0675,671.0,313060.0,610.0,6.3,8.8,138.411,571.7,88.3034,64.1,15842.259,58.4,180.8
298,2011-11-01,221100.0,13419.7,1945.4452102887142,5.3003153692107094,65.9,433.0,5593.0,5.7,3.9925,706.0,313260.0,711.0,6.4,8.6,136.667,571.9,87.7571,64.1,15842.259,58.6,181.9
299,2011-12-01,221100.0,13548.9,2047.169033284874,5.299816242671772,65.9,434.0,5611.0,5.3,3.958,697.0,313454.0,694.0,7.2,8.5,135.168,575.0,92.3676,64.0,15842.259,58.6,182.5
300,2012-01-01,238400.0,13631.6,1784.673037997234,5.299816242671772,65.6,441.0,5626.0,5.3,3.915,712.0,313636.0,723.0,7.4,8.3,134.168,575.2,95.8403,63.7,16068.805,58.4,185.4
301,2012-02-01,238400.0,13731.1,1848.6820640276344,5.299816242671772,65.6,450.0,5629.0,4.8,3.89,738.0,313811.0,704.0,7.3,8.3,133.997,576.8,95.3474,63.8,16068.805,58.5,185.8
302,2012-03-01,238400.0,13798.5,1933.301450911351,5.299816242671772,65.6,458.0,5625.0,4.9,3.954,806.0,313993.0,695.0,7.6,8.2,135.865,573.0,93.6095,63.8,16068.805,58.5,185.2
303,2012-04-01,238700.0,13868.1,2299.1705227199886,5.299816242671772,65.6,463.0,5618.0,4.9,3.91,732.0,314176.0,753.0,7.9,8.2,138.471,572.0,94.8689,63.7,16207.115,58.4,187.2
304,2012-05-01,238700.0,13850.3,2112.7557805548367,5.307277107919509,65.6,474.0,5604.0,4.7,3.798,796.0,314368.0,708.0,7.9,8.2,141.048,574.0,92.7701,63.7,16207.115,58.5,188.7
305,2012-06-01,238700.0,13837.1,2108.6457400101544,5.3067814449601665,65.6,486.0,5621.0,4.8,3.675,794.0,314576.0,757.0,7.9,8.2,143.16899999999998,576.2,91.4465,63.8,16207.115,58.6,188.8
306,2012-07-01,248800.0,13752.9,2320.0563852931828,5.3067814449601665,65.4,490.0,5632.0,4.6,3.55,849.0,314796.0,740.0,7.0,8.2,144.282,583.4,90.0581,63.7,16319.541,58.5,188.3
307,2012-08-01,248800.0,13768.5,2353.544159070693,5.3067814449601665,65.4,495.0,5648.0,4.6,3.602,840.0,315031.0,754.0,6.7,8.1,144.705,584.8,90.1465,63.5,16319.541,58.4,189.0
308,2012-09-01,248800.0,13914.1,2220.116747747218,5.3067814449601665,65.4,511.0,5661.0,4.5,3.4975,930.0,315264.0,847.0,7.2,7.8,144.358,586.5,89.7802,63.6,16319.541,58.7,189.1
309,2012-10-01,251700.0,14049.2,2547.7433866845954,5.3067814449601665,65.3,520.0,5674.0,4.9,3.3825,887.0,315485.0,915.0,7.8,7.8,143.968,582.7,91.4772,63.8,16420.419,58.8,188.8
310,2012-11-01,251700.0,14230.7,2286.6553502018073,5.3067814449601665,65.3,534.0,5684.0,4.6,3.352,917.0,315692.0,833.0,8.7,7.7,143.961,590.9,95.9137,63.6,16420.419,58.7,189.1
311,2012-12-01,251700.0,14581.4,2324.2376298897225,5.3067814449601665,65.3,551.0,5724.0,4.5,3.345,941.0,315877.0,976.0,10.9,7.9,143.869,594.7,96.1474,63.7,16420.419,58.7,188.3
312,2013-01-01,258400.0,13880.4,2479.8825011996073,5.310245937413311,65.2,559.0,5746.0,4.0,3.414,940.0,316038.0,888.0,4.9,8.0,144.313,595.6,98.907,63.7,16648.189,58.6,194.7
313,2013-02-01,258400.0,13902.0,2543.4924492901837,5.310245937413311,65.2,581.0,5784.0,4.1,3.5325,980.0,316191.0,962.0,4.7,7.7,145.16299999999998,597.9,100.6487,63.4,16648.189,58.6,194.4
314,2013-03-01,258400.0,13932.2,2917.961929143374,5.310245937413311,65.2,596.0,5802.0,4.2,3.565,936.0,316357.0,1010.0,4.8,7.5,147.96200000000002,601.9,100.5747,63.3,16648.189,58.5,194.6
315,2013-04-01,268100.0,13974.9,2471.423149481942,5.322033893165353,65.1,606.0,5796.0,4.4,3.445,1012.0,316535.0,835.0,5.1,7.6,150.969,607.6,95.5687,63.4,16728.687,58.6,196.2
316,2013-05-01,268100.0,14052.5,2454.5200761756146,5.322033893165353,65.1,620.0,5829.0,4.6,3.536,1003.0,316729.0,930.0,5.3,7.5,153.86,610.4,99.5607,63.4,16728.687,58.6,197.5
317,2013-06-01,268100.0,14083.9,2573.2757694734646,5.322033893165353,65.1,629.0,5855.0,4.1,4.07,942.0,316934.0,839.0,5.4,7.5,156.428,610.8,101.1157,63.4,16728.687,58.6,197.5
318,2013-07-01,264800.0,14072.0,2779.1549421385744,5.322033893165353,65.2,640.0,5859.0,5.5,4.37,997.0,317156.0,880.0,5.2,7.3,158.28799999999998,610.6,101.9294,63.3,16953.838,58.7,197.2
319,2013-08-01,264800.0,14117.3,2697.320844574185,5.312220271717028,65.2,654.0,5878.0,5.5,4.456,964.0,317397.0,917.0,5.2,7.2,159.39600000000002,613.8,103.143,63.3,16953.838,58.7,197.7
320,2013-09-01,264800.0,14181.7,2744.6448729630683,5.312220271717028,65.2,661.0,5910.0,5.4,4.49,1004.0,317635.0,850.0,5.3,7.2,159.675,615.1,105.1505,63.2,16953.838,58.7,197.6
321,2013-10-01,273600.0,14152.3,2852.744657582711,5.312220271717028,65.1,670.0,5931.0,4.9,4.192,1044.0,317864.0,925.0,4.7,7.2,159.558,621.2,103.4174,62.8,17192.019,58.3,197.9
322,2013-11-01,273600.0,14209.6,3018.4719131729657,5.312220271717028,65.1,687.0,5963.0,5.0,4.255,1029.0,318076.0,1100.0,4.5,6.9,159.365,625.8,100.2048,63.0,17192.019,58.6,198.0
323,2013-12-01,273600.0,14266.5,2753.265112013251,5.312220271717028,65.1,707.0,5932.0,5.2,4.4575,1005.0,318276.0,1002.0,4.5,6.7,159.282,628.6,99.2019,62.9,17192.019,58.7,197.4
324,2014-01-01,275200.0,14369.2,3014.089221385542,5.337538079701318,64.9,713.0,5985.0,5.1,4.432,976.0,318464.0,888.0,5.2,6.6,159.37,632.4,96.8279,62.9,17197.738,58.8,200.8
325,2014-02-01,275200.0,14456.4,3181.4278099355965,5.337538079701318,64.9,714.0,6007.0,5.3,4.3025,1039.0,318642.0,944.0,5.3,6.7,159.872,641.6,96.6639,62.9,17197.738,58.7,199.2
326,2014-03-01,275200.0,14555.0,3256.8108092437965,5.337538079701318,64.9,726.0,6038.0,5.6,4.3425,1067.0,318827.0,970.0,5.2,6.7,161.189,642.4,98.2095,63.1,17197.738,58.9,199.3
327,2014-04-01,288000.0,14624.5,2996.569928008934,5.337538079701318,64.8,743.0,6084.0,5.7,4.3375,1090.0,319020.0,1043.0,5.4,6.2,162.969,650.5,99.8622,62.8,17518.508,58.9,207.0
328,2014-05-01,288000.0,14689.5,3247.9257665880145,5.337538079701318,64.8,754.0,6109.0,5.2,4.192,1018.0,319225.0,1007.0,5.6,6.3,164.68400000000003,650.0,103.247,62.9,17518.508,58.9,207.1
329,2014-06-01,288000.0,14760.1,2848.406295742961,5.337538079701318,64.8,771.0,6133.0,5.7,4.1625,1010.0,319438.0,911.0,5.6,6.1,166.21400000000003,657.1,102.0049,62.8,17518.508,59.0,207.0
330,2014-07-01,281000.0,14821.1,3018.4719131729657,5.337538079701318,64.3,790.0,6178.0,6.2,4.13,1076.0,319670.0,1085.0,5.5,6.2,167.138,665.1,104.798,62.9,17804.228,59.0,207.0
331,2014-08-01,281000.0,14894.2,3323.587194448366,5.337538079701318,64.3,793.0,6210.0,5.4,4.115,1047.0,319919.0,984.0,5.3,6.1,167.452,669.8,103.4822,62.9,17804.228,59.0,207.8
332,2014-09-01,281000.0,14951.2,3624.7704884122645,5.337538079701318,64.3,797.0,6242.0,5.4,4.1625,1077.0,320166.0,1023.0,5.5,5.9,167.243,677.3,106.4102,62.8,17804.228,59.1,208.8
333,2014-10-01,298900.0,15022.7,3377.182899669669,5.337538079701318,63.9,806.0,6259.0,5.3,4.036,1094.0,320403.0,1074.0,5.4,5.7,166.91099999999997,674.1,107.4771,62.9,17912.079,59.3,210.5
334,2014-11-01,298900.0,15094.0,3123.997672144412,5.337538079701318,63.9,814.0,6272.0,5.7,3.9975,1059.0,320616.0,1001.0,5.6,5.8,166.65900000000002,676.7,99.994,62.9,17912.079,59.2,210.3
335,2014-12-01,298900.0,15170.9,3534.374775239702,5.338018733399589,63.9,826.0,6293.0,5.1,3.864,1072.0,320815.0,1073.0,6.0,5.6,166.46099999999998,672.6,107.8144,62.8,17912.079,59.3,210.0
336,2015-01-01,289200.0,15230.8,3529.865804103872,5.343290732190768,63.8,830.0,6320.0,4.8,3.67,1049.0,320997.0,1085.0,6.3,5.7,166.25099999999998,680.1,108.0196,62.9,18063.529,59.3,217.3
337,2015-02-01,289200.0,15313.3,3123.997672144412,5.343290732190768,63.8,830.0,6361.0,4.5,3.71,1127.0,321164.0,886.0,6.4,5.5,166.63299999999998,680.4,98.3234,62.7,18063.529,59.2,217.7
338,2015-03-01,289200.0,15314.2,2766.2045774846083,5.343290732190768,63.8,843.0,6334.0,5.1,3.77,1072.0,321344.0,960.0,5.9,5.4,168.09,682.1,98.0626,62.6,18063.529,59.2,217.3
339,2015-04-01,289100.0,15373.5,3742.893142256543,5.3442462984364365,63.5,868.0,6392.0,4.9,3.672,1166.0,321538.0,1190.0,5.9,5.4,169.97,684.7,102.8839,62.8,18279.784,59.3,225.0
340,2015-05-01,289100.0,15442.7,3793.0720015843003,5.3442462984364365,63.5,878.0,6427.0,5.0,3.84,1272.0,321740.0,1079.0,5.8,5.6,171.85,690.0,104.7122,62.9,18279.784,59.4,224.4
341,2015-06-01,289100.0,15479.0,3565.9665132474624,5.3442462984364365,63.5,896.0,6441.0,5.4,3.9825,1379.0,321954.0,1205.0,5.7,5.3,173.451,688.5,107.4307,62.7,18279.784,59.4,223.7
342,2015-07-01,295800.0,15518.6,3683.7466210621114,5.3442462984364365,63.6,908.0,6472.0,5.2,4.046,1140.0,322186.0,1146.0,5.6,5.2,174.49599999999998,697.7,112.8845,62.6,18401.626,59.3,223.9
343,2015-08-01,295800.0,15550.5,3620.2409707857214,5.3442462984364365,63.6,921.0,6490.0,5.0,3.905,1165.0,322427.0,1130.0,5.6,5.1,174.938,698.2,114.3793,62.6,18401.626,59.4,224.8
344,2015-09-01,295800.0,15570.5,3921.3379528977757,5.3442462984364365,63.6,939.0,6508.0,5.9,3.89,1144.0,322670.0,1224.0,5.8,5.0,175.045,699.8,114.5231,62.4,18401.626,59.2,224.1
345,2015-10-01,302500.0,15608.0,3670.121557310128,5.3442462984364365,63.7,943.0,6547.0,5.6,3.796,1160.0,322901.0,1058.0,5.8,5.0,175.051,702.6,113.241,62.5,18435.137,59.3,224.3
346,2015-11-01,302500.0,15615.4,3738.3374001316665,5.3442462984364365,63.7,962.0,6598.0,5.5,3.9425,1244.0,323113.0,1172.0,5.6,5.1,175.143,708.9,112.7522,62.5,18435.137,59.4,223.8
347,2015-12-01,302500.0,15668.4,3843.3705924447695,5.3442462984364365,63.7,970.0,6630.0,5.1,3.964,1211.0,323318.0,1146.0,5.8,5.0,175.11700000000002,712.9,119.8456,62.7,18435.137,59.6,224.1
348,2016-01-01,299800.0,15695.5,3994.974797668342,5.374352052824034,63.5,968.0,6631.0,5.6,3.8725,1171.0,323509.0,1092.0,6.1,4.8,175.03799999999998,714.2,116.7888,62.7,18525.933,59.7,231.5
349,2016-02-01,299800.0,15695.9,3907.5585624683386,5.374352052824034,63.5,982.0,6640.0,5.5,3.66,1172.0,323687.0,1225.0,5.6,4.9,175.283,717.0,119.0626,62.8,18525.933,59.8,229.3
350,2016-03-01,299800.0,15731.6,3752.0076196454725,5.375278407684165,63.5,987.0,6678.0,5.5,3.694,1118.0,323871.0,1111.0,5.9,5.0,176.60299999999998,720.5,118.9009,63.0,18525.933,59.8,229.6
351,2016-04-01,306000.0,15758.9,3489.331790629326,5.378513908542313,63.1,998.0,6702.0,5.0,3.605,1160.0,324061.0,1163.0,5.5,5.1,178.497,726.2,109.6192,62.9,18711.702,59.7,233.4
352,2016-05-01,306000.0,15777.2,3738.3374001316665,5.378513908542313,63.1,1010.0,6689.0,5.1,3.6,1205.0,324260.0,1148.0,5.3,4.8,180.345,726.8,107.7492,62.7,18711.702,59.7,233.2
353,2016-06-01,306000.0,15821.4,4240.63154449659,5.378513908542313,63.1,1016.0,6701.0,5.3,3.568,1208.0,324476.0,1203.0,4.9,4.9,181.917,727.4,110.7745,62.7,18711.702,59.7,233.7
354,2016-07-01,303800.0,15891.5,4068.856693089997,5.378513908542313,63.4,1033.0,6735.0,4.5,3.44,1198.0,324697.0,1239.0,5.1,4.8,183.02,728.1,105.8163,62.8,18892.639,59.8,235.4
355,2016-08-01,303800.0,15931.3,3985.7567314369976,5.378513908542313,63.4,1038.0,6736.0,5.0,3.435,1201.0,324924.0,1171.0,5.1,4.9,183.658,734.3,105.2523,62.9,18892.639,59.8,235.1
356,2016-09-01,303800.0,15999.1,3898.3771552295666,5.378513908542313,63.4,1038.0,6768.0,5.2,3.46,1303.0,325155.0,1068.0,5.1,5.0,183.948,744.9,105.2719,62.9,18892.639,59.7,234.9
357,2016-10-01,310900.0,16059.4,4059.608153338058,5.378513908542313,63.5,1053.0,6799.0,5.2,3.47,1254.0,325368.0,1313.0,5.3,4.9,184.022,743.8,106.2018,62.8,19089.379,59.7,234.7
358,2016-11-01,310900.0,16107.6,4877.842446922871,5.378513908542313,63.5,1042.0,6823.0,5.2,3.77,1230.0,325562.0,1140.0,5.4,4.7,184.234,744.0,107.0915,62.7,19089.379,59.7,234.9
359,2016-12-01,310900.0,16182.5,4203.383015707607,5.378513908542313,63.5,1057.0,6818.0,5.4,4.198,1248.0,325742.0,1252.0,5.0,4.7,184.406,741.9,103.4522,62.7,19089.379,59.7,233.9
360,2017-01-01,313100.0,16293.3,4110.52187201341,5.38632824387075,63.6,1063.0,6840.0,5.4,4.15,1296.0,325901.0,1190.0,5.3,4.7,184.657,744.3,103.6667,62.8,19280.084,59.9,238.9
361,2017-02-01,313100.0,16363.5,4423.056493563651,5.38632824387075,63.6,1070.0,6881.0,5.3,4.1675,1237.0,326050.0,1271.0,5.6,4.6,185.023,747.6,109.3678,62.9,19280.084,60.0,239.4
362,2017-03-01,313100.0,16415.1,4418.361734123957,5.38541207339897,63.6,1071.0,6902.0,5.0,4.196,1273.0,326207.0,1190.0,5.6,4.4,186.532,746.5,104.1273,62.9,19280.084,60.2,239.3
363,2017-04-01,318200.0,16476.0,4054.985304252218,5.394536224288579,63.9,1075.0,6916.0,5.4,4.045,1239.0,326371.0,1146.0,5.7,4.4,188.546,745.1,99.4783,63.0,19438.643,60.2,245.3
364,2017-05-01,318200.0,16573.2,4526.567031473673,5.394536224288579,63.9,1071.0,6931.0,5.1,4.01,1205.0,326548.0,1157.0,6.3,4.4,190.543,747.2,98.5261,62.8,19438.643,60.1,245.5
365,2017-06-01,318200.0,16604.0,4839.640419051647,5.394536224288579,63.9,1073.0,6962.0,5.3,3.904,1353.0,326743.0,1249.0,6.0,4.3,192.271,747.5,98.5578,62.8,19438.643,60.1,245.4
366,2017-07-01,320500.0,16665.9,4540.715383155552,5.394536224288579,63.9,1075.0,6968.0,5.8,3.9675,1254.0,326939.0,1206.0,6.0,4.3,193.516,753.2,96.7684,62.9,19692.595,60.2,245.6
367,2017-08-01,320500.0,16733.7,4231.313871260833,5.428028973069694,63.9,1083.0,7002.0,6.1,3.88,1336.0,327140.0,1159.0,6.1,4.4,194.351,752.7,96.8806,62.9,19692.595,60.1,245.6
368,2017-09-01,320500.0,16841.9,4259.277941872359,5.517452896464707,63.9,1093.0,7013.0,5.3,3.805,1277.0,327342.0,1181.0,5.9,4.3,194.822,752.2,96.879,63.1,19692.595,60.4,244.7
369,2017-10-01,337900.0,16930.8,4649.448608010955,5.517452896464707,64.0,1101.0,7031.0,5.5,3.895,1360.0,327528.0,1257.0,6.0,4.2,195.08900000000003,759.7,98.9506,62.7,20037.088,60.1,243.8
370,2017-11-01,337900.0,16997.5,4583.207997546412,5.517452896464707,64.0,1107.0,7068.0,4.8,3.922,1295.0,327699.0,1273.0,5.6,4.2,195.457,763.3,101.8784,62.7,20037.088,60.1,243.4
371,2017-12-01,337900.0,17058.2,4668.405836199644,5.517452896464707,64.0,1100.0,7091.0,5.6,3.95,1312.0,327848.0,1177.0,5.0,4.1,195.852,772.5,102.0626,62.7,20037.088,60.1,243.3
372,2018-01-01,331800.0,17141.7,4706.361843095442,5.446306244261486,64.2,1105.0,7093.0,6.0,4.0325,1311.0,327969.0,1299.0,5.7,4.0,196.11900000000003,776.7,100.0281,62.7,20328.553,60.1,246.8
373,2018-02-01,331800.0,17204.1,5088.910160816049,5.446306244261486,64.2,1109.0,7184.0,5.7,4.33,1331.0,328085.0,1277.0,5.8,4.1,196.908,785.2,101.3911,63.0,20328.553,60.4,246.6
374,2018-03-01,331800.0,17268.2,4578.483081587014,5.486869473092628,64.2,1121.0,7194.0,5.2,4.444,1381.0,328219.0,1318.0,5.9,4.0,198.576,787.9,100.3022,62.9,20328.553,60.4,246.5
375,2018-04-01,315600.0,17328.7,4782.439060303486,5.495937960631161,64.5,1124.0,7212.0,5.6,4.4675,1365.0,328364.0,1276.0,6.0,4.0,200.61900000000003,792.9,102.4601,62.9,20580.912,60.4,248.1
376,2018-05-01,315600.0,17404.4,4963.993720542613,5.5053315359323625,64.5,1131.0,7274.0,5.5,4.586,1331.0,328521.0,1357.0,6.0,3.8,202.457,798.1,105.2745,62.9,20580.912,60.5,249.2
377,2018-06-01,315600.0,17488.4,4725.360550155188,5.5053315359323625,64.5,1126.0,7292.0,5.8,4.57,1338.0,328692.0,1192.0,6.3,4.0,204.047,802.2,103.0784,63.0,20580.912,60.5,251.0
378,2018-07-01,330900.0,17587.6,4432.448702349148,5.50573795739701,64.4,1127.0,7318.0,6.0,4.5275,1333.0,328863.0,1208.0,6.5,3.8,204.954,803.0,103.6884,63.0,20798.73,60.6,250.3
379,2018-08-01,330900.0,17664.0,4963.993720542613,5.527840524826286,64.4,1129.0,7347.0,6.5,4.55,1293.0,329040.0,1288.0,6.6,3.8,205.332,802.1,103.0046,62.6,20798.73,60.3,249.6
380,2018-09-01,330900.0,17693.5,4606.845715629906,5.527840524826286,64.4,1135.0,7375.0,6.6,4.6275,1320.0,329216.0,1250.0,6.8,3.7,205.378,803.8,100.7646,62.8,20798.73,60.4,249.7
381,2018-10-01,322800.0,17749.8,4301.286020757362,5.527840524826286,64.6,1141.0,7389.0,7.2,4.83,1280.0,329379.0,1221.0,6.7,3.8,205.373,803.4,100.0901,62.9,20917.867,60.5,250.3
382,2018-11-01,322800.0,17795.7,4343.368053530671,5.527840524826286,64.6,1144.0,7386.0,6.4,4.866,1334.0,329527.0,1181.0,6.5,3.8,205.111,808.8,95.3075,62.9,20917.867,60.6,249.9
383,2018-12-01,322800.0,18012.4,3981.1491358967996,5.521460917862246,64.6,1148.0,7396.0,7.6,4.6375,1320.0,329659.0,1095.0,8.4,3.9,204.703,812.7,96.3338,63.0,20917.867,60.6,249.9
384,2019-01-01,313000.0,18053.9,4944.825562534009,5.52823790214127,64.2,1152.0,7424.0,7.0,4.464,1254.0,329766.0,1232.0,8.2,4.0,204.209,816.2,102.6488,63.1,21104.133,60.6,252.7
385,2019-02-01,313000.0,18151.4,5311.268527923487,5.527442989539794,64.2,1140.0,7396.0,6.4,4.37,1302.0,329862.0,1128.0,8.5,3.8,204.439,813.7,98.9187,63.1,21104.133,60.7,252.1
386,2019-03-01,313000.0,18229.5,5151.57676841522,5.534969267887039,64.2,1125.0,7422.0,5.7,4.265,1291.0,329977.0,1195.0,7.9,3.8,205.786,816.9,97.4072,63.0,21104.133,60.6,251.2
387,2019-04-01,322500.0,18262.1,5287.016547691314,5.538514672428074,64.3,1123.0,7459.0,5.8,4.1425,1298.0,330103.0,1267.0,7.7,3.6,207.698,811.0,98.5315,62.9,21384.775,60.6,255.6
388,2019-05-01,322500.0,18277.0,4791.964114290848,5.551019720103791,64.3,1132.0,7486.0,6.7,4.072,1338.0,330240.0,1307.0,7.3,3.7,209.361,812.2,98.1995,62.9,21384.775,60.6,258.1
389,2019-06-01,322500.0,18310.5,4521.852680781285,5.541655625147766,64.3,1142.0,7511.0,5.2,3.8025,1301.0,330393.0,1228.0,7.1,3.6,210.598,815.6,98.042,63.0,21384.775,60.7,257.7
390,2019-07-01,318400.0,18328.6,4758.641364220913,5.538907831465967,64.7,1146.0,7525.0,5.9,3.765,1347.0,330553.0,1245.0,6.8,3.7,211.349,817.5,102.4513,63.1,21694.282,60.8,255.5
391,2019-08-01,318400.0,18423.6,5117.816059091906,5.533784667551078,64.7,1149.0,7530.0,5.4,3.616,1528.0,330729.0,1367.0,7.0,3.7,211.708,824.7,103.3392,63.1,21694.282,60.8,255.4
392,2019-09-01,318400.0,18474.4,4432.448702349148,5.538907831465967,64.7,1161.0,7551.0,5.4,3.605,1491.0,330904.0,1300.0,7.2,3.5,211.886,825.8,106.1046,63.2,21694.282,61.0,255.5
393,2019-10-01,327100.0,18549.5,5117.816059091906,5.529825834193874,65.0,1160.0,7556.0,5.3,3.688,1538.0,331066.0,1332.0,7.3,3.6,211.979,828.6,102.4713,63.3,21902.39,61.0,255.4
394,2019-11-01,327100.0,18630.7,4877.842446922871,5.5329941536759195,65.0,1165.0,7545.0,5.4,3.695,1522.0,331213.0,1346.0,7.1,3.6,212.117,830.7,97.2591,63.3,21902.39,61.0,255.1
395,2019-12-01,327100.0,18583.8,5195.041940977606,5.536152466605236,65.0,1177.0,7528.0,5.6,3.72,1461.0,331345.0,1551.0,6.4,3.6,212.248,828.2,100.0059,63.3,21902.39,61.0,255.0
396,2020-01-01,329000.0,18821.5,5156.4029846580315,5.536940488710632,65.3,1195.0,7580.0,5.7,3.624,1500.0,331443.0,1572.0,7.2,3.5,212.409,828.4,107.993,63.3,21706.513,61.1,254.2
397,2020-02-01,329000.0,18925.6,5007.170756856589,5.540086381985411,65.3,1213.0,7608.0,5.6,3.465,1440.0,331525.0,1565.0,7.7,3.5,213.229,837.2,105.8406,63.3,21706.513,61.1,253.9
398,2020-03-01,329000.0,18577.4,4892.182121384946,5.553734478412542,65.3,1215.0,7539.0,6.5,3.45,1348.0,331634.0,1267.0,11.275,4.4,215.207,833.5,100.6725,62.6,21706.513,59.8,253.9
399,2020-04-01,322600.0,20750.9,4701.6143197048095,5.555282466337757,68.0,1193.0,6527.0,6.9,3.306,1050.0,331684.0,925.0,11.275,9.6,217.254,708.4,95.8725,60.1,19913.143,55.025000000000006,257.2
400,2020-05-01,322600.0,19877.2,4531.282265825734,5.577084821610244,68.0,1180.0,7009.0,5.4,3.2325,1253.0,331685.0,1054.0,11.275,9.6,218.504,773.6,99.8972,60.8,19913.143,55.025000000000006,256.2
401,2020-06-01,322600.0,19920.9,4877.842446922871,5.577084821610244,68.0,1183.0,7170.0,3.8,3.1625,1329.0,331728.0,1266.0,11.275,9.6,219.83,793.6,104.5993,61.5,19913.143,55.025000000000006,258.4
402,2020-07-01,337500.0,20191.5,5214.380853068213,5.5698700570699335,67.3,1201.0,7195.0,3.4,3.016,1526.0,331795.0,1529.0,11.275,9.6,221.585,803.1,105.4513,61.5,21647.64,55.2,259.7
403,2020-08-01,337500.0,19594.2,4849.185856835605,5.5698700570699335,67.3,1213.0,7225.0,3.3,2.935,1564.0,331870.0,1377.0,11.275,8.4,224.064,810.0,103.4103,61.7,21647.64,56.5,259.6
404,2020-09-01,337500.0,19744.9,5859.6344934623685,5.577084821610244,67.3,1218.0,7256.0,3.4,2.89,1643.0,331950.0,1463.0,11.275,7.9,226.817,818.9,101.6846,61.4,21647.64,56.6,259.8
405,2020-10-01,358700.0,19758.5,5486.467993865226,5.577084821610244,65.7,1228.0,7310.0,3.3,2.834,1622.0,332025.0,1537.0,11.275,6.9,229.83,827.2,102.824,61.7,22024.502,57.4,259.7
406,2020-11-01,358700.0,19610.4,4858.734676910326,5.577084821610244,65.7,1248.0,7317.0,4.0,2.765,1713.0,332063.0,1545.0,11.275,6.7,232.337,828.0,104.775,61.5,22024.502,57.4,259.5
407,2020-12-01,358700.0,19775.2,5564.660709525784,5.577084821610244,65.7,1262.0,7355.0,4.1,2.684,1760.0,332047.0,1663.0,11.275,6.7,234.39,837.6,105.794,61.5,22024.502,57.4,259.6
408,2021-01-01,369800.0,21760.9,5359.832259854566,5.577841251298354,65.6,1282.0,7363.0,4.0,2.735,1866.0,331992.0,1602.0,11.275,6.3,236.468,842.5,107.7894,61.3,22600.185,57.5,260.7
409,2021-02-01,369800.0,20254.0,5253.097391378164,5.581238121898107,65.6,1286.0,7291.0,4.9,2.81,1700.0,331968.0,1422.0,11.275,6.2,239.252,846.2,94.1235,61.4,22600.185,57.6,261.3
410,2021-03-01,369800.0,24471.8,5923.903996509384,5.580861261143694,65.6,1308.0,7395.0,4.4,3.0825,1731.0,332007.0,1700.0,11.275,6.1,244.249,858.0,99.3792,61.5,22600.185,57.8,261.2
411,2021-04-01,382600.0,21304.2,5820.146899137461,5.586124431187969,65.5,1320.0,7406.0,4.7,3.06,1714.0,332073.0,1484.0,11.275,6.1,249.856,854.3,102.5381,61.6,23292.362,57.9,268.0
412,2021-05-01,382600.0,20899.7,5325.829292522089,5.598421958998375,65.5,1338.0,7394.0,5.6,2.9625,1680.0,332144.0,1600.0,9.9,5.8,255.481,855.8,99.2814,61.5,23292.362,58.0,268.2
413,2021-06-01,382600.0,20934.3,5137.103002425551,5.598421958998375,65.5,1372.0,7400.0,5.8,2.975,1644.0,332231.0,1661.0,8.7,5.9,261.206,857.8,96.703,61.7,23292.362,58.0,268.4
414,2021-07-01,411200.0,21156.5,5442.5723751069745,5.608797575275796,65.4,1387.0,7415.0,5.7,2.868,1618.0,332358.0,1593.0,9.4,5.4,265.545,867.2,95.8351,61.8,23828.973,58.4,269.453
415,2021-08-01,411200.0,21207.3,5204.709780742301,5.608797575275796,65.4,1412.0,7431.0,6.5,2.8425,1837.0,332489.0,1576.0,8.7,5.2,268.821,873.6,95.9847,61.7,23828.973,58.6,271.193
416,2021-09-01,411200.0,21051.2,4820.559707438698,5.608797575275796,65.4,1437.0,7472.0,6.0,2.9,1636.0,332594.0,1560.0,7.2,4.8,271.474,879.9,96.9222,61.7,23828.973,58.8,271.694
417,2021-10-01,423600.0,21201.4,4949.616350724051,5.608797575275796,65.5,1464.0,7514.0,6.8,3.0675,1727.0,332692.0,1572.0,6.6,4.5,273.682,882.8,97.2735,61.8,24654.603,59.0,271.977
418,2021-11-01,423600.0,21297.7,5579.3439649409365,5.633628214732994,65.5,1493.0,7560.0,6.0,3.0675,1775.0,332790.0,1712.0,6.2,4.2,276.04900000000004,889.2,101.2447,61.9,24654.603,59.4,270.722
419,2021-12-01,423600.0,21352.9,5325.829292522089,5.633628214732994,65.5,1526.0,7594.0,5.6,3.098,1948.0,332876.0,1787.0,6.1,3.9,278.63,896.4,105.87,62.0,24654.603,59.5,271.163
420,2022-01-01,433100.0,21294.8,4935.2464918811065,5.6854351878381415,65.4,1553.0,7590.0,5.8,3.445,1898.0,332918.0,1669.0,4.1,4.0,282.015,902.9,102.9497,62.2,25029.116,59.7,280.267
421,2022-02-01,433100.0,21426.2,5491.34919743255,5.711426517707953,65.4,1581.0,7669.0,6.2,3.7625,1817.0,332959.0,1771.0,4.1,3.8,287.258,910.6,101.875,62.2,25029.116,59.8,281.955
422,2022-03-01,433100.0,21510.5,5418.213386804154,5.711426517707953,65.4,1631.0,7692.0,7.0,4.172,1877.0,333056.0,1713.0,3.4,3.6,295.081,913.6,101.5162,62.4,25029.116,60.1,281.915
423,2022-04-01,449300.0,21581.3,5442.5723751069745,5.722450471574612,65.9,1667.5,7698.0,8.5,4.9825,1795.0,333184.0,1803.0,3.1,3.6,301.728,918.3,97.823,62.2,25544.273,59.9,287.439
424,2022-05-01,449300.0,21657.1,5859.6344934623685,5.722450471574612,65.9,1667.5,7736.0,8.3,5.23,1708.0,333317.0,1543.0,3.1,3.6,306.506,925.1,98.8438,62.3,25544.273,60.0,287.567
425,2022-06-01,449300.0,21740.7,5594.034177184154,5.738872874926819,65.9,1667.5,7749.0,9.5,5.522,1701.0,333460.0,1561.0,2.7,3.6,308.301,921.4,100.5367,62.2,25544.273,59.9,288.522
426,2022-07-01,468000.0,21910.5,5613.6319283638,5.738872874926819,66.0,1667.5,7773.0,10.1,5.4125,1658.0,333624.0,1371.0,3.5,3.5,307.136,924.1,99.3388,62.1,25994.639,59.9,296.731
427,2022-08-01,468000.0,22024.3,5413.343950175902,5.738872874926819,66.0,1667.5,7781.0,8.7,5.2225,1586.0,333799.0,1505.0,3.2,3.7,303.686,924.5,97.9552,62.3,25994.639,60.1,299.595
428,2022-09-01,468000.0,22121.5,5820.146899137461,5.7426569740382565,66.0,1667.5,7797.0,9.7,6.112,1588.0,333976.0,1463.0,3.0,3.5,300.503,924.6,98.9721,62.3,25994.639,60.1,301.55
429,2022-10-01,479500.0,22242.2,5379.279985119244,5.7426569740382565,65.9,1667.5,7814.0,9.7,6.9,1555.0,334141.0,1432.0,3.0,3.7,298.72700000000003,929.5,99.6175,62.2,26408.405,60.0,306.085
430,2022-11-01,479500.0,22267.7,6342.177138043069,5.7426569740382565,65.9,1667.5,7833.0,9.4,6.805,1402.0,334287.0,1427.0,3.3,3.6,296.923,929.0,92.0686,62.2,26408.405,59.9,307.269
431,2022-12-01,479500.0,22312.3,5584.239929952998,5.7426569740382565,65.9,1667.5,7859.0,8.5,6.364,1409.0,334420.0,1357.0,3.4,3.5,294.415,934.3,92.3086,62.3,26408.405,60.1,307.445
432,2023-01-01,429000.0,22525.3,5520.652801895532,5.806197657075406,66.0,1667.5,7885.0,8.1,6.2725,1354.0,334533.0,1340.0,4.4,3.4,292.849,935.8,95.9918,62.4,26813.601,60.2,322.376
433,2023-02-01,429000.0,22648.4,6512.919095405714,5.806197657075406,66.0,1667.5,7899.0,8.4,6.2575,1482.0,334637.0,1436.0,4.7,3.6,293.468,931.7,98.5209,62.5,26813.601,60.2,326.256
434,2023-03-01,429000.0,22757.9,6267.110679826019,5.811221828032813,66.0,1667.5,7890.0,8.1,6.544,1437.0,334753.0,1380.0,5.2,3.5,297.316,931.6,93.3392,62.6,26813.601,60.4,326.838
435,2023-04-01,418500.0,22815.8,5711.8049266388325,5.821432168089572,65.9,1667.5,7901.0,7.6,6.3425,1417.0,334880.0,1348.0,5.2,3.4,301.469,928.1,92.2793,62.6,27063.012,60.4,327.097
436,2023-05-01,418500.0,22893.1,6297.117957792947,5.821432168089572,65.9,1667.5,7926.0,7.2,6.425,1496.0,335013.0,1583.0,5.3,3.7,305.427,927.8,97.6334,62.6,27063.012,60.3,329.026
437,2023-06-01,418500.0,22941.5,6087.612289724745,5.821432168089572,65.9,1667.5,7955.0,7.5,6.714,1441.0,335163.0,1418.0,4.9,3.6,308.307,929.5,97.0416,62.6,27063.012,60.3,328.71
438,2023-07-01,431000.0,22994.3,5311.268527923487,5.821432168089572,66.0,1667.5,7967.0,7.0,6.84,1443.0,335329.0,1451.0,4.1,3.5,310.16200000000003,922.6,94.5577,62.6,27623.543,60.4,331.181
